index,url,brand,name,price,stars,num_ratings,num_reviews,reviews,platform,image,vader_score,final_score
49,http://flipkart.com/urbano-fashion-slim-men-black-jeans/p/itmf3vzvepvpz8by?pid=JEAEP6TF9YPFBA2Z&lid=LSTJEAEP6TF9YPFBA2ZX4BYIX&marketplace=FLIPKART&store=clo%2Fvua%2Fk58%2Fi51&srno=b_1_10&otracker=browse&fm=organic&iid=833d958c-4a8b-4ed7-ad10-fbdc5490fbd4.JEAEP6TF9YPFBA2Z.SEARCH&ppt=None&ppn=None&ssid=9w50j8i8e80000001680018546142,Urbano Fashion¬†,Men Slim Mid Rise Black Jeans,‚Çπ591,3.8,86813,11558,nice product good at this price range very nice,Flipkart,https://rukminim1.flixcart.com/image/832/832/xif0q/jean/r/a/b/38-eps-black-03-urbano-fashion-original-imaghkgk27whjcej.jpeg?q=70,1.2833999999999999,1.0001675720940209
0,https://www.amazon.in/Ben-Martin-Relaxed-BMW-JJ3-DARK-p4-34_Dark-Blue_34/dp/B019XSHCG4/ref=zg_bs_1968076031_sccl_1/258-1229559-2740407?psc=1,Ben Martin,Men's Relaxed Fit Jeans,‚Çπ499,3.6,32076,5500,perfect very good product may be improved product was good and comfort but the packing is terrible just a clear plastic cover the quality does worth the price i paid good pair of jeans and looks very solid and reliable\n\ntwo things to keep in mind\n\n1 pockets arent deep enough its a bit risky to keep your phone in this cuz its easier to get stolen and could maybe fall off if you bend a lot of times they could have been deeper\n\n2 belt line the top end of your jeans it is at hip level i usually wear my jeans at a little bit above waist level and thats how most jenas have fit me this one has a shorter top part so if you are comfortable with a hip level jeans go for it\n\nthats all thanks you dont like material and size based on the price its okay but only after the first wear the stitch came out from one side good product product is ok but the size is too short and tight  as per compare to other brand 32 size normally fitted to me and it is very tight on waist and thigh ,Amazon,https://m.media-amazon.com/images/I/616xchp1ECL._UY550_.jpg,5.781500000000002,0.8171867614855566
44,http://flipkart.com/ben-martin-regular-men-dark-blue-jeans/p/itmf3vm3sfdf5pjk?pid=JEAEDPVHU8HZ6Y9R&lid=LSTJEAEDPVHU8HZ6Y9RTE7FNU&marketplace=FLIPKART&store=clo%2Fvua%2Fk58%2Fi51&srno=b_1_5&otracker=browse&fm=organic&iid=833d958c-4a8b-4ed7-ad10-fbdc5490fbd4.JEAEDPVHU8HZ6Y9R.SEARCH&ppt=None&ppn=None&ssid=9w50j8i8e80000001680018546142,BEN MARTIN¬†,Men Regular Mid Rise Dark Blue Jeans,‚Çπ499,3.7,56770,6728,good product good product good,Flipkart,https://rukminim1.flixcart.com/image/832/832/jean/n/u/3/bmw-darklevis-ben-martin-32-original-imaedpc4zcgjadsv.jpeg?q=70,1.3212000000000002,0.6270736447889476
16,https://www.amazon.in/Urbano-Fashion-Stretch-Jogger-jog-hps-lblue-40-fba/dp/B074RKW73T/ref=zg_bs_1968076031_sccl_17/258-1229559-2740407?psc=1,Urbano Fashion,Men's Light Grey Slim Fit Jogger Jeans Stretch,‚Çπ799,3.7,11781,1968,good product is very good but the colour gets faded so soon colour and quality of cloth is very good length is 34 inch which is universal nice pants value for money ordered 3 different colours product is nice but isnt thick its transparentotherwise fits are perfectbought for my son it is perfectly fitted the denim cloth is flawless stitching is very good comfortable and durable just what i wanted in a denim jogger pant canbe used as lounge pant must buy they shipped smaller size to me thanks god i have younger sibling product is okay in price range fitting and stich is very good bit tight at waist while using restroom  cloth quality is not upto expectation colour is dull and paint is not stretchable quality is good  material feels durable in my case\ni think it is worth the money\nopinions are relative ok quality wise expensive for the quality offered here,Amazon,https://m.media-amazon.com/images/I/818K1j9LWTL._UX466_.jpg,7.020500000000002,0.3403045488618882
80,http://flipkart.com/urbano-fashion-jogger-fit-men-black-jeans/p/itmf3vzx2zufyzhy?pid=JEAF2R77YAZHQZUX&lid=LSTJEAF2R77YAZHQZUXCLSOZZ&marketplace=FLIPKART&store=clo%2Fvua%2Fk58%2Fi51&srno=b_2_41&otracker=browse&fm=organic&iid=673763d9-8450-493c-aacc-46160623d1a1.JEAF2R77YAZHQZUX.SEARCH&ppt=None&ppn=None&ssid=ndomp0wh1c0000001680018546853,Urbano Fashion¬†,Men Jogger Fit Mid Rise Black Jeans,‚Çπ849,4.0,19276,2520,nice oneüëçüëåüòé super product good product,Flipkart,https://rukminim1.flixcart.com/image/832/832/kdnf98w0hlty2aw-0/jean/j/z/4/32-1-zip-jog-hps-black-urbano-fashion-original-imafumy3h3qqwbxm.jpeg?q=70,2.3068,0.274954526814362
83,http://flipkart.com/supernova-inc-slim-men-light-blue-jeans/p/itm0462b269ee3cf?pid=JEAGYTZNBWJNHKEH&lid=LSTJEAGYTZNBWJNHKEHJMD4MM&marketplace=FLIPKART&store=clo%2Fvua%2Fk58%2Fi51&srno=b_2_45&otracker=browse&fm=organic&iid=673763d9-8450-493c-aacc-46160623d1a1.JEAGYTZNBWJNHKEH.SEARCH&ppt=None&ppn=None&ssid=ndomp0wh1c0000001680018546853,Supernova Inc.¬†,Men Slim Mid Rise Light Blue Jeans,‚Çπ499,3.8,17235,1937,excellent üëåüëå very good good for this price üëè,Flipkart,https://rukminim1.flixcart.com/image/832/832/kfeamq80-0/jean/b/u/c/36-suplpsjean-lblue-supernova-inc-original-imafvvajnhrvpqhw.jpeg?q=70,2.3581999999999996,0.2270553695910652
122,https://www.snapdeal.com/product/urbano-fashion-grey-slim-jeans/638679344889,Urbano Fashion,Grey Cotton Blend Slim Fit Men's Jeans ( Pack of 1 ),775,4.0,506,24,,Snapdeal,https://n2.sdlcdn.com/imgs/k/h/9/Urbano-Fashion-Grey-Cotton-Blend-SDL173301762-1-eb5eb.jpg,0.0,0.22693330582626595
152,https://www.snapdeal.com/product/urbano-fashion-black-slim-fit/644130204642,Urbano Fashion,Black Cotton Blend Slim Fit Men's Jeans ( Pack of 1 ),649,3.6,464,28,,Snapdeal,https://n4.sdlcdn.com/imgs/k/j/t/Urbano-Fashion-Black-Cotton-Blend-SDL096307058-1-974b6.jpg,0.0,0.1872872500257879
1,https://www.amazon.in/Urbano-Fashion-Mens-Jeans-eps-black-32-06/dp/B076CTV6FK/ref=zg_bs_1968076031_sccl_2/258-1229559-2740407?psc=1,Urbano Fashion,Men's Slim Fit Washed Jeans Stretchable,‚Çπ591,3.7,7398,1141,fbric is not so good but comfort and fitting is so nice with this of amount cannt expect more very happy worth for money good looking amazing quality nice one good product üëç this jeans is nice but this is not a slim fit received product this is a 30inch\nif you change it for product is 32inch overall good in price range this product is value for money but the colour of the product fead too much during washing its unexpected the fit is not slim fit as written it is a bit loose will see after first wash if there is any changes,Amazon,https://m.media-amazon.com/images/I/61EJxytnV5L._UX466_.jpg,5.8768,0.1791006211539279
57,http://flipkart.com/highlander-regular-men-black-jeans/p/itmfebzyvjwgzjxy?pid=JEAFEBZYJGH5M89Y&lid=LSTJEAFEBZYJGH5M89YP3POAN&marketplace=FLIPKART&store=clo%2Fvua%2Fk58%2Fi51&spotlightTagId=BestsellerId_clo%2Fvua%2Fk58%2Fi51&srno=b_1_18&otracker=browse&fm=organic&iid=833d958c-4a8b-4ed7-ad10-fbdc5490fbd4.JEAFEBZYJGH5M89Y.SEARCH&ppt=None&ppn=None&ssid=9w50j8i8e80000001680018546142,HIGHLANDER¬†,Men Regular Mid Rise Black Jeans,‚Çπ597,3.8,16178,1456,best fit nice product colour faded after 2 wash,Flipkart,https://rukminim1.flixcart.com/image/832/832/kfoapow0-0/jean/w/o/d/30-000877-highlander-original-imafw2hyqbj3bsph.jpeg?q=70,1.4196,0.1741430440178382
101,https://www.snapdeal.com/product/hasasi-denim-grey-regular-fit/619261438441#bcrumbLabelId:194,Hasasi Denim,Grey 100% Cotton Regular Fit Men's Jeans ( Pack of 1 ),1025,4.1,242,16,product jeans quality was outstanding and good fitting i ordered one more denim jeans cotton jeans pen great fitting i am satisfied this hasasi denim really this is too comfortable and smooth product thanks snapdeal hasasi denim men jeans hasasi jeans great deal i like it nice podact,Snapdeal,https://n4.sdlcdn.com/imgs/k/j/t/Hasasi-Denim-Grey-100-Cotton-SDL341014525-1-12a62.jpg,4.4578,0.17385510457879344
4,https://www.amazon.in/Neostreak-Stretchable-Jeans-neoeps-Dblue-Blue_34/dp/B07QHSRDB3/ref=zg_bs_1968076031_sccl_5/258-1229559-2740407?psc=1,Neostreak,Men's Slim Fit Stretchable Jeans,‚Çπ629,3.8,8370,965,nice color good stitching worth it in amazon stuck goods are available at a very low price and cheapbut for some items it takes a lot of money‚òπÔ∏è good jeans thank u amazon good jins not very good material need improvement in chain not felt like jean looks like a cotton pant just fine  nothing great value for money ok product the product is good but the package was not in amazon bag rather it was only transparent plastic bag of the product itself since the product is not damaged i have not returned it but the packaging should be better than this  the seller is too casual about the packaging,Amazon,https://m.media-amazon.com/images/I/711G7qxQSNL._UY550_.jpg,5.728200000000001,0.16836635626480634
8,https://www.amazon.in/Ben-Martin-Relaxed-Jeans-BMW7-JJ-BLACKa-36-1/dp/B077NH6DRJ/ref=zg_bs_1968076031_sccl_9/258-1229559-2740407?psc=1,Ben Martin,Men's Relaxed Fit Jeans,‚Çπ499,3.6,5576,1048,relaxing when use it after 3 washing totally change the colour best in this price tag üëç product is okay type and goes well inline with pricing for the size34 it is quite tight overall not a regular or relaxed fit which in ordered inseam lenght is okay my ht being 5\ 9 but tight and it very comfertable for a stretch pants material is thin and light black over dyed pant should be a good fit for thin people or for guys like wearing skin tight cloths most probably i will return or exchange for a relaxed fit pants mind it these are not pair of denims but five pocket pants matterial not too good specially inner pocket very bad colour shaded satisfy its tight fit jeans,Amazon,https://m.media-amazon.com/images/I/61+wT3sYB7L._UX466_.jpg,5.447700000000002,0.1452433211529309
64,http://flipkart.com/supernova-inc-slim-men-grey-jeans/p/itm403af791181a1?pid=JEAG29FYYKCUYH8S&lid=LSTJEAG29FYYKCUYH8SG3S0E5&marketplace=FLIPKART&store=clo%2Fvua%2Fk58%2Fi51&srno=b_1_25&otracker=browse&fm=organic&iid=833d958c-4a8b-4ed7-ad10-fbdc5490fbd4.JEAG29FYYKCUYH8S.SEARCH&ppt=None&ppn=None&ssid=9w50j8i8e80000001680018546142,Supernova Inc.¬†,Men Slim Mid Rise Grey Jeans,‚Çπ499,3.5,9996,956,ok i love so much this jeans my husband looking like very pretty its use to cool colour is awesome but pant pockets are not good quality other all everything is good ,Flipkart,https://rukminim1.flixcart.com/image/832/832/xif0q/jean/r/k/2/38-suplpsjeanrstthr-lgrey-supernova-inc-original-imag29fyjmzesexc-bb.jpeg?q=70,3.6118999999999994,0.13907345521835157
118,https://www.snapdeal.com/product/jb-just-black-brown-regular/623544636632#bcrumbLabelId:194,JB JUST BLACK,Brown Cotton Blend Regular Fit Men's Jeans ( Pack of 1 ),725,4.1,251,8,thanks ilike it very good quality ‡§≤‡§æ‡§ú‡§µ‡§æ‡§¨ jb just blak ex excellent weldone abdullah jeans good quality looking good,Snapdeal,https://n4.sdlcdn.com/imgs/k/j/o/JB-JUST-BLACK-Brown-Cotton-SDL164911176-1-b44e4.jpg,2.3335,0.13177057592327387
147,https://www.snapdeal.com/product/urbano-fashion-grey-slim-jeans/641362441160,Urbano Fashion,Grey 100% Cotton Slim Fit Men's Jeans ( Pack of 1 ),775,3.7,289,7,,Snapdeal,https://n1.sdlcdn.com/imgs/k/f/2/Urbano-Fashion-Grey-100-Cotton-SDL139395839-1-81239.jpg,0.0,0.11989119758894573
10,https://www.amazon.in/Urbano-Fashion-Black-Stretch-eps-black-34-07/dp/B07DFPM2D8/ref=zg_bs_1968076031_sccl_11/258-1229559-2740407?psc=1,Urbano Fashion,Men's Slim Fit Black Stretch Jeans,‚Çπ593,3.7,5412,851,it was fit as per size and good it fits perfectbut cloth is thin normal use well fitment üëåüèº in this price segment the product is value for money every thing is great about this product but the cloth quality can be improved its really a nice product against the price we paid nominally good price good quality\nvalue for money üëçüèª nice product  go for it,Amazon,https://m.media-amazon.com/images/I/611hFiiUv4L._UX522_.jpg,4.969900000000001,0.11915373264465191
141,https://www.snapdeal.com/product/plounge-grey-regular-fit-jeans/677822475833,plounge,Grey Cotton Blend Regular Fit Men's Jeans ( Pack of 1 ),949,4.1,253,11,,Snapdeal,https://n3.sdlcdn.com/imgs/k/f/2/plounge-Grey-Cotton-Blend-Regular-SDL145916727-1-66b41.jpeg,0.0,0.1163033192359613
39,https://www.amazon.in/Diverse-Relaxed-Jeans-DVD01D2L01-1p_Indigo-Blue_36W/dp/B0767J4VZ6/ref=zg_bs_1968076031_sccl_40/258-1229559-2740407?psc=1,Diverse,Men Jeans,‚Çπ879,3.7,5832,1021,only ok ok size and jeans length is large than the size of 28 perfect as same as picture very good product im using it for more than 6 months  colour not fade also fabric 10 loose it temperament but i know its okay for 12 yrs going with it decent quality not up to the mark size is bit bigger that it should be  quality better perfect fitting and finising fabric quality is very bad dont buy it see diverse tag is not as is shown in the product images see the button is also missing even after replacing they sent like thati bought this indogo3 color for size 34 be careful if youre buying this youll get scammed its a fine quality stretchable jeans üëñ\ncolours are solid not fading like cheap clothes just order 1 size smaller than your actual size because it runs 1 size larger this perticular model is lo\nif you found this rivew helpful then hit the like button,Amazon,https://m.media-amazon.com/images/I/71ZdX9Bn8+L._UY550_.jpg,3.7,0.11470873740443485
107,https://www.snapdeal.com/product/jb-just-black-grey-regular/682046640262#bcrumbLabelId:194,JB JUST BLACK,Grey Cotton Blend Regular Fit Men's Jeans ( Pack of 1 ),725,4.0,219,4,best product at low price user  a good product super very fine  smooth,Snapdeal,https://n3.sdlcdn.com/imgs/k/i/b/JB-JUST-BLACK-Grey-Cotton-SDL366862133-1-37e60.jpg,1.6058000000000001,0.1038564136235581
132,https://www.snapdeal.com/product/lawson-white-skinny-jeans/657962306654,Lawson,White Cotton Blend Skinny Fit Men's Jeans ( Pack of 1 ),875,3.8,215,5,good product  good quality very nice  excellent quality quality poor quality colour not good  white,Snapdeal,https://n3.sdlcdn.com/imgs/k/h/9/Lawson-White-Cotton-Blend-Skinny-SDL910301971-1-7944f.jpg,1.8378999999999999,0.09966950328523647
138,https://www.snapdeal.com/product/plounge-grey-regular-fit-jeans/676628114527,plounge,Grey Cotton Blend Regular Fit Men's Jeans ( Pack of 1 ),875,4.2,158,6,superb best choice i like it its a great deal value of money great deal great jeans not good for the price listed,Snapdeal,https://n1.sdlcdn.com/imgs/k/f/b/plounge-Denim-Regular-Fit-Grey-SDL583019603-1-027f4.jpg,4.2781,0.09693535958286181
15,https://www.amazon.in/Ben-Martin-Mens-Relaxed-Jeans/dp/B0895ZLPMD/ref=zg_bs_1968076031_sccl_16/258-1229559-2740407?psc=1,Ben Martin,Men's Regular Fit Jeans,‚Çπ499,3.6,5510,943,dis colour after 34 wash so please not comfortable as per my expectation costeffective bhi ek kon fully comfort if you want to use this pant in regular use then must go for it \nin this price range it is actually good\nthank you amazon‚úå fabric is not good\njeans look like refurbished\nmaterial quality too bad\nnot expected that\ndont buy it good mast quality is not like i want but still ill take this good,Amazon,https://m.media-amazon.com/images/I/81xXDOPK1CL._UY550_.jpg,3.1255,0.09622395848160564
29,https://www.amazon.in/Wearo-Relax-Stretch-Jeans-Denim/dp/B07RR2LB94/ref=zg_bs_1968076031_sccl_30/258-1229559-2740407?psc=1,Wearo,Men's Regular Fit Jeans,‚Çπ799,3.9,4123,475,play video i like it i dont know for me the product i got was very good satisfied customer good best fit as expected colour is good and quality is best streach ‡§∏‡§¨ ‡§ï‡•Å‡§õ ‡§¨‡§¢‡§º‡§ø‡§Ø‡§æ ‡§î‡§∞ ‡§∂‡§æ‡§®‡§¶‡§æ‡§∞ ‡§π‡•à ‡§™‡§∞‡§Ç‡§§‡•Å 6 ‡§´‡•Ä‡§ü ‡§ä‡§Ç‡§ö‡§æ‡§à ‡§µ‡§æ‡§≤‡•á ‡§≤‡•ã‡§ó‡•ã‡§Ç ‡§ï‡•á ‡§≤‡§ø‡§è ‡§≤‡§Ç‡§¨‡§æ‡§à 3 ‡§á‡§Ç‡§ö ‡§ï‡§Æ ‡§π‡•à‡•§ ‡§ï‡§Ç‡§™‡§®‡•Ä ‡§∏‡•á ‡§Ö‡§®‡•Å‡§∞‡•ã‡§ß ‡§π‡•à ‡§ï‡§ø ‡§ï‡§Æ ‡§∏‡•á ‡§ï‡§Æ3 4 ‡§á‡§Ç‡§ö ‡§≤‡§Ç‡§¨‡§æ‡§à ‡§¨‡§¢‡§º‡§æ‡§è‡§Ç‡•§ average product material was very good fitting also nice  overall good purchase price fabric strech ability not satisfied with quality of cloth and colour color is very dull like used\nstitching and fit is good,Amazon,https://m.media-amazon.com/images/I/61HvYtNzzSL._UX522_.jpg,6.881800000000001,0.0934451032526316
42,http://flipkart.com/ben-martin-slim-men-black-jeans/p/itm054f574d738b8?pid=JEAFSQP89PTXZWPV&lid=LSTJEAFSQP89PTXZWPVYLCMDF&marketplace=FLIPKART&store=clo%2Fvua%2Fk58%2Fi51&srno=b_1_3&otracker=browse&fm=organic&iid=833d958c-4a8b-4ed7-ad10-fbdc5490fbd4.JEAFSQP89PTXZWPV.SEARCH&ppt=None&ppn=None&ssid=9w50j8i8e80000001680018546142,BEN MARTIN¬†,Men Slim Mid Rise Black Jeans,‚Çπ499,3.8,7417,884,nice product average product i like the quality and size is perfect  looks really good,Flipkart,https://rukminim1.flixcart.com/image/832/832/xif0q/jean/n/y/m/36-jns-light-grey-ben-martin-original-imafszrtghf4tcbg-bb.jpeg?q=70,1.795,0.09105912851815352
134,https://www.snapdeal.com/product/hasasi-denim-blue-regular-fit/641705277734,Hasasi Denim,Blue 100% Cotton Regular Fit Men's Jeans ( Pack of 1 ),1025,4.1,190,5,,Snapdeal,https://n2.sdlcdn.com/imgs/k/f/v/Hasasi-Denim-Blue-100-Cotton-SDL784324349-1-c6106.jpg,0.0,0.087342413655465
135,https://www.snapdeal.com/product/urbano-fashion-light-blue-slim/623582838462,Urbano Fashion,Light Blue Cotton Blend Slim Fit Men's Jeans ( Pack of 1 ),775,3.9,189,9,,Snapdeal,https://n2.sdlcdn.com/imgs/k/f/2/Urbano-Fashion-Light-Blue-Cotton-SDL917616360-1-d312a.jpg,0.0,0.08264453543702602
20,https://www.amazon.in/Neostreak-Jeans-neoepsjean-lgrey-Light-Grey_36/dp/B07L71HV61/ref=zg_bs_1968076031_sccl_21/258-1229559-2740407?psc=1,Neostreak,Men's Slim Fit Jeans,‚Çπ699,3.7,3936,402,gud satisfied with the fit its the first jeans i ordered online and just love it i rarely write review for products but this one deserves it its perfect and everything that i wanted from a jeans like good fit and deep pockets so  i ordered another jeans from neostreak cus these type of jeans can last upto half decades fit is not so good finally found a jean with right price perfect fit stretchable and no fading of color\nreviewed this product after 10 months of usage\n\nwill be going only for neostreak mens slim fit jeans in other colors in future good   neosteak beautiful jeans quality bhi nice h nice,Amazon,https://m.media-amazon.com/images/I/81RuOi+8grL._UY550_.jpg,6.837000000000001,0.08090872530228199
126,https://www.snapdeal.com/product/hasasi-denim-blue-regular-fit/665374116947,Hasasi Denim,Blue 100% Cotton Regular Fit Men's Jeans ( Pack of 1 ),1025,4.2,165,9,,Snapdeal,https://n1.sdlcdn.com/imgs/k/h/9/Hasasi-Denim-Blue-100-Cotton-SDL902659694-1-f5be2.jpg,0.0,0.07769999058181933
140,https://www.snapdeal.com/product/urbano-fashion-khaki-slim-jeans/646216140108,Urbano Fashion,Khaki Cotton Blend Slim Fit Men's Jeans ( Pack of 1 ),749,4.1,168,4,,Snapdeal,https://n4.sdlcdn.com/imgs/k/f/b/Urbano-Fashion-Cotton-Blend-Slim-SDL318796551-1-a5854.jpg,0.0,0.0772290815479901
89,http://flipkart.com/urbano-fashion-slim-men-light-blue-jeans/p/itmc1156edb7ceb9?pid=JEAFGFVMSUCUZKST&lid=LSTJEAFGFVMSUCUZKSTSVAQCX&marketplace=FLIPKART&store=clo%2Fvua%2Fk58%2Fi51&srno=b_2_51&otracker=browse&fm=organic&iid=673763d9-8450-493c-aacc-46160623d1a1.JEAFGFVMSUCUZKST.SEARCH&ppt=None&ppn=None&ssid=ndomp0wh1c0000001680018546853,Urbano Fashion¬†,Men Slim Mid Rise Light Blue Jeans,‚Çπ594,3.8,7147,699,nice not  good nice product,Flipkart,https://rukminim1.flixcart.com/image/832/832/xif0q/jean/b/w/3/-original-imagj4qqyg9hhzre.jpeg?q=70,1.2833999999999999,0.07665040833598041
30,https://www.amazon.in/M-R-Fashion-Relax-Denim/dp/B08L9LWCFW/ref=zg_bs_1968076031_sccl_31/258-1229559-2740407?psc=1,M. R. Fashion,Men's Regular Fit Jeans,‚Çπ699,3.9,3027,418,good nice product i liked the fitting good fitting a good product\n super quality good excellent product worth the cost stretchable and breathable fabric nice fit its same as picture very good in color and quality stiching is very fine  overall perfect the length is short of three inches,Amazon,https://m.media-amazon.com/images/I/71xWkC1Fo6L._UX522_.jpg,5.9995,0.07049894439874732
99,https://www.snapdeal.com/product/moudlin-light-blue-denim-slim/655036686611#bcrumbLabelId:194,MOUDLIN,Light Blue Denim Slim Fit Men's Jeans ( Pack of 1 ),599,4.0,148,3,,Snapdeal,https://n1.sdlcdn.com/imgs/k/k/1/MOUDLIN-Light-Blue-Denim-Slim-SDL488549030-1-3513d.jpg,0.0,0.06637574953021218
124,https://www.snapdeal.com/product/urban-mark-black-denim-regular/5764608178185634227,UrbanMark Men Slim Fit Black Light Weight Stretchable Jea,UrbanMark Men Slim Fit Black Light Weight Stretchable Jeans,499,3.6,161,2,,Snapdeal,https://n2.sdlcdn.com/imgs/k/k/i/Urban-Mark-Black-Denim-Regular-SDL358058050-1-ce77e.jpg,0.0,0.06498544666843072
43,http://flipkart.com/ben-martin-regular-men-black-jeans/p/itmf5757f207d54b?pid=JEAGBZGNZGVZ2RJC&lid=LSTJEAGBZGNZGVZ2RJCDXZAET&marketplace=FLIPKART&store=clo%2Fvua%2Fk58%2Fi51&srno=b_1_4&otracker=browse&fm=organic&iid=833d958c-4a8b-4ed7-ad10-fbdc5490fbd4.JEAGBZGNZGVZ2RJC.SEARCH&ppt=None&ppn=None&ssid=9w50j8i8e80000001680018546142,BEN MARTIN¬†,Men Regular Mid Rise Black Jeans,‚Çπ499,3.9,4441,610,nice wow nice comfortable jeans good quality,Flipkart,https://rukminim1.flixcart.com/image/832/832/kkh6zrk0/jean/e/4/1/42-1-bm-jj3-ben-martin-original-imafzt4658hyhbng.jpeg?q=70,2.3799,0.06432510235310783
144,https://www.snapdeal.com/product/urbano-fashion-light-blue-slim/670342005512,Urbano Fashion,Light Blue Cotton Blend Slim Fit Men's Jeans ( Pack of 1 ),799,3.8,150,2,,Snapdeal,https://n3.sdlcdn.com/imgs/k/h/9/Urbano-Fashion-Light-Blue-Cotton-SDL217584315-1-4c452.jpg,0.0,0.06390908316253538
6,https://www.amazon.in/Amazon-Brand-Relaxed-SS20-NS-SY-RS01_Medium-Grey_36W/dp/B085J787F7/ref=zg_bs_1968076031_sccl_7/258-1229559-2740407?psc=1,Amazon Brand - Symbol,Men's Relaxed Jeans,‚Çπ699,3.7,2691,290,good one as mentioned in web portal the product is very good considering the price but be careful with the size when purchasing order a size less as the waist of the product is a bit larger than you would expect you will feel very comfortable while travelling while wearing these pants also the length is also a bit large so you will have to fold up a little else it will touch the ground good according to its price not good great value for money its a really comfortable jeans although the fitting at the end is not good enough  but the color and the texture is really good it is definitely worth it amazingly comfortable and good quality a worthwhile purchase i like if you want a casual daily wear jeans in normal price range this is the product for you man go and have it the pant is very comfortable and light weight especially for summer season this pant is worth buying go for it,Amazon,https://m.media-amazon.com/images/I/81LwVNxUv2L._UY550_.jpg,8.078400000000002,0.06345591506612686
117,https://www.snapdeal.com/product/hasasi-jeans-light-blue-regular/621089001652#bcrumbLabelId:194,HASASI JEANS,Light Blue 100% Cotton Regular Fit Men's Jeans ( Pack of 1 ),1025,4.1,131,2,best service by you good product,Snapdeal,https://n3.sdlcdn.com/imgs/k/j/t/HASASI-JEANS-Light-Blue-100-SDL300413746-1-e1bf4.jpg,1.0773000000000001,0.06211158977416601
156,https://www.snapdeal.com/product/hasasi-denim-navy-blue-regular/679864744442,Hasasi Denim,Navy Blue 100% Cotton Regular Fit Men's Jeans ( Pack of 1 ),975,4.2,129,8,,Snapdeal,https://n4.sdlcdn.com/imgs/k/f/v/Hasasi-Denim-Navy-Blue-100-SDL529813244-1-12ba3.jpg,0.0,0.06074726536396785
61,http://flipkart.com/ben-martin-regular-men-white-jeans/p/itm98ebfab7bcc77?pid=JEAFSQP8H2GQYDBW&lid=LSTJEAFSQP8H2GQYDBWRYFWEQ&marketplace=FLIPKART&store=clo%2Fvua%2Fk58%2Fi51&srno=b_1_22&otracker=browse&fm=organic&iid=833d958c-4a8b-4ed7-ad10-fbdc5490fbd4.JEAFSQP8H2GQYDBW.SEARCH&ppt=None&ppn=None&ssid=9w50j8i8e80000001680018546142,BEN MARTIN¬†,Men Regular Mid Rise White Jeans,‚Çπ499,4.0,4200,501,awwsm jeans  awssm fabric my brpther is very happy with thisüòçüòçjeans thanks flip kart febric is very nyc nice good product,Flipkart,https://rukminim1.flixcart.com/image/832/832/kbb49zk0/jean/f/z/a/38-bmw-darklevis-d-ben-martin-original-imafszrt2eye6n7b.jpeg?q=70,2.5926,0.06047591436378647
22,https://www.amazon.in/Neostreak-Jeans-neoepsjean-lblu-Light-Blue_40/dp/B07L6PB3FV/ref=zg_bs_1968076031_sccl_23/258-1229559-2740407?psc=1,Neostreak,Men's Slim Fit Stretchable Jeans,‚Çπ629,3.7,3553,388,good quality style  fitting is good good just oknot greatnot like in picture sahi fitting not so good it is not jean cloth it is cotton cloth and loose cloth with wrinkles  amazing product from amazon perfect stitching good material quality and deliverd as expected thankyou amazon  ü§©ü§©üëçüëç material quality to be improved ‡§™‡§∏‡§Ç‡§¶ ‡§π‡•à,Amazon,https://m.media-amazon.com/images/I/81nXqAtjL8L._UY550_.jpg,4.2353000000000005,0.05832863029555957
106,https://www.snapdeal.com/product/moudlin-navy-blue-denim-slim/660197652869#bcrumbLabelId:194,MOUDLIN,Navy Blue Denim Slim Fit Men's Jeans ( Pack of 1 ),598,3.9,111,6,nice product superb quality tight fitting very good quality jeans üëñ fit for run,Snapdeal,https://n2.sdlcdn.com/imgs/k/k/2/MOUDLIN-Navy-Blue-Denim-Slim-SDL653655214-1-cbc51.jpg,1.848,0.05827024203752114
34,https://www.amazon.in/Ben-Martin-Denim-Jeans-Green/dp/B099X6T39M/ref=zg_bs_1968076031_sccl_35/258-1229559-2740407?psc=1,Ben Martin,Men's Slim Fit Denim Jeans,‚Çπ499,3.6,2905,393,good quality i received different product but the jeans i received is also good and i liked it\nin this price range jeans i received is good\ni bought this in nearly 450 perfect ordered solid jeans but received faded also colour is light compared to shown on site nice product size is perfect good slightly loose like tampered fit not completely slim fit thread of back pockets should be light like hidden not showing more fitting is good but the quality is compromised the cloth is rough and low quality after one wash it started bubbling,Amazon,https://m.media-amazon.com/images/I/81R89oC1gyL._UY550_.jpg,4.754900000000001,0.05625750046351165
27,https://www.amazon.in/Urbano-Plus-Regular-Stretchable-plushpsp-black-40/dp/B0867D4KGK/ref=zg_bs_1968076031_sccl_28/258-1229559-2740407?psc=1,Urbano Plus,Men's Regular Fit Washed Jeans Stretchable,‚Çπ849,3.8,1846,193,product is good i request to manufacture to make better quality cloth with little high price  premium quality thanks low waist rest ok its same as picture and quality is good too pants are extremely comfortable and fitting is as expected super jeans it stretches according to our motion like sitting standing etc can u make little more above sizes 46 pr 48 plssd perfect fit  value for money\ncomfortably koo worth the the price\nyou wont get the feel of a branded jeans but its a good one nice fitting and nice material i got these for my dad and they were a little too big on him but he loved it,Amazon,https://m.media-amazon.com/images/I/61MLz2-l4YL._UX522_.jpg,6.637800000000001,0.03822090196917211
11,https://www.amazon.in/Ben-Martin-Mens-Jeans-Brown/dp/B09BK1NXSS/ref=zg_bs_1968076031_sccl_12/258-1229559-2740407?psc=1,Ben Martin,Men's Slim Fit Jeans,‚Çπ499,3.5,2084,249,satisfied by purchase product development is awesome good quality as per prize range product is ok expected a more better quality got this at very nice deal but damnn this is too niceee very good stitching and nice quality jeans you can carry this with any outfit you want just purchase it and try it its ok not very good quality but average but it came cheap alsonot comfort only style simple i like to wore for office lack of customer sensitiveness shown by the seller had to return 3 times quality is worst its feel like using 200250 rupesss product,Amazon,https://m.media-amazon.com/images/I/61+nyy9oqDL._UX522_.jpg,4.971300000000001,0.038087841010478074
113,https://www.snapdeal.com/product/hopewell-black-slim-jeans/650619789564#bcrumbLabelId:194,Hopewell Black Slim Jea,Hopewell Black Slim Jeans,539,4.0,71,1,super,Snapdeal,https://n4.sdlcdn.com/imgs/j/k/4/Hopewell-Black-Slim-Jeans-SDL044701204-1-57427.jpeg,0.5994,0.0323685698534274
150,https://www.snapdeal.com/product/realize-black-cotton-slim-fit/625343881123,Re,ize - Black Cotton Slim Fit Men's Jeans ( Pack of 1 ),849,4.1,57,3,comfortable fiting very good üëç super p superb,Snapdeal,https://n4.sdlcdn.com/imgs/k/k/i/Rea-lize-Black-Cotton-Slim-SDL522951529-1-952d9.jpg,2.1753,0.0319311172077155
2,https://www.amazon.in/Ben-Martin-White-Denim-Strechable/dp/B09X9QCD8S/ref=zg_bs_1968076031_sccl_3/258-1229559-2740407?psc=1,Ben Martin,Men's Denim Slim Fit Strechable Jeans,‚Çπ499,3.6,1839,278,material is not that nicewill get too know after first wash\nlenth received was at ancle height right now  i am reviewing after 5 months of buying 2 jeans at that time i didnt sutisfy but now i am\n\n before buying  you should know that\n\n1 avery color have different fabric quality and fittings this is crazy rightüòÇ\n\n2 in my case light blue jeans fabric are good but fitting not good\n\n3 in black jeans fabric quality is medium compare to light blue jeans but fitting is good in my praspactive\n\n4 i bought it at 450 rupees at price point awesome dealüòãüòãüòã quality of fabric is really poor and lose comfort fit and finish good but only i see material quality not good value for money better than value for money fair color faded too much very tight thighunable to wear it,Amazon,https://m.media-amazon.com/images/I/515olk-XS-L._UY550_.jpg,3.1026,0.029988083150505628
12,https://www.amazon.in/Amazon-Brand-Shields-HSD-SL-03_Medium-Blue_34/dp/B0821S6RV5/ref=zg_bs_1968076031_sccl_13/258-1229559-2740407?psc=1,Amazon Brand - House & Shields,Men's Slim Jeans,‚Çπ468,3.7,1670,182,i like this for its stretchable fabricits soft its a good product if you buy it under 500 value of money small length of inseem loose at west and skinny below knees good quality and color didnt faded yet after using 3 months not a slim fit  its a regular product nit look like photo i seriously do not know what buyers look in product that are big brands either it is status show off of brands  but the jeans that i purchased is worth everything the comfort the colour the fit the price is worth everything best buy i would say quality of fabric is superb i reccomend this product looks cool nice,Amazon,https://m.media-amazon.com/images/I/81z7xFCncyL._UY550_.jpg,4.984800000000001,0.029783214272076496
129,https://www.snapdeal.com/product/urban-mark-light-blue-denim/5764608208291921082,UrbanMark Men Slim Fit Mild Wash Black Stretchable Jea,UrbanMark Men Slim Fit Mild Wash Black Stretchable Jeans,899,3.9,41,1,great,Snapdeal,https://n3.sdlcdn.com/imgs/k/k/i/Urban-Mark-Black-Denim-Regular-SDL219090381-1-a1e84.jpg,0.6249,0.018476712852000192
109,https://www.snapdeal.com/product/urban-mark-light-blue-denim/8070451217505615034#bcrumbLabelId:194,UrbanMark Men Slim Fit Mild Wash Grey Stretchable Jea,UrbanMark Men Slim Fit Mild Wash Grey Stretchable Jeans,899,3.9,41,1,great,Snapdeal,https://n1.sdlcdn.com/imgs/k/k/i/Urban-Mark-Grey-Denim-Regular-SDL613685065-1-e9f08.jpg,0.6249,0.018476712852000192
130,https://www.snapdeal.com/product/urban-mark-light-blue-denim/5188147455988497594,UrbanMark Men Slim Fit Mild Wash Blue Stretchable Jea,UrbanMark Men Slim Fit Mild Wash Blue Stretchable Jeans,899,3.9,41,1,,Snapdeal,https://n2.sdlcdn.com/imgs/k/k/i/Urban-Mark-Blue-Denim-Regular-SDL500847393-1-df414.jpg,0.0,0.017928179645069132
125,https://www.snapdeal.com/product/urban-mark-light-blue-denim/6917529712898768058,UrbanMark Men Slim Fit Mild Wash Light Blue Stretchable Jea,UrbanMark Men Slim Fit Mild Wash Light Blue Stretchable Jeans,899,3.9,41,1,,Snapdeal,https://n2.sdlcdn.com/imgs/k/k/i/Urban-Mark-Light-Blue-Denim-SDL049172775-1-13b17.jpg,0.0,0.017928179645069132
59,http://flipkart.com/roadster-slim-men-blue-jeans/p/itm4b9b65ac22648?pid=JEAFMJHQKPYFY9VQ&lid=LSTJEAFMJHQKPYFY9VQZGL5QI&marketplace=FLIPKART&store=clo%2Fvua%2Fk58%2Fi51&srno=b_1_20&otracker=browse&fm=organic&iid=en_HG5LyvHtEqoSPVUQqxqT%2B1uu7KW25s%2BIrwBZVuKtRVL%2BDaQ6LWPWebfccr59kOZffGr%2B7YkTLXvmA%2BM8kIYyaQ%3D%3D&ppt=None&ppn=None&ssid=9w50j8i8e80000001680018546142,Roadster¬†,Men Slim Mid Rise Blue Jeans,"‚Çπ1,139",3.6,1496,137,worth buying i got it for 499rs good nice product received üëåüëçüëèüòÄüòä‚ò∫,Flipkart,https://rukminim1.flixcart.com/image/832/832/xif0q/jean/t/7/j/34-10092075-roadster-original-imafmjpyruh6xzde-bb.jpeg?q=70,2.037,0.01697609805687034
154,https://www.snapdeal.com/product/hasasi-jeans-blue-regular-fit/660312466546,HASASI JEANS,Blue 100% Cotton Regular Fit Men's Jeans ( Pack of 1 ),1025,4.1,34,1,,Snapdeal,https://n2.sdlcdn.com/imgs/k/f/v/HASASI-JEANS-Blue-100-Cotton-SDL785638538-1-85e18.jpg,0.0,0.015629695075188473
19,https://www.amazon.in/Amazon-Brand-Inkast-Carrot-CR-163_Grey_34W/dp/B07RFK43G7/ref=zg_bs_1968076031_sccl_20/258-1229559-2740407?psc=1,Amazon Brand - Inkast Denim Co.,Men Stretchable Jeans,‚Çπ789,3.6,1158,124,good fitgood comfort and value for money üí∞ quality and color is good worth it tight fitting good üëçüëçüëç pats hooks was very closer and belt not fitting in it nice one  jeans quality is decent  jeans is looks like old the product is not worth buying within in 2 to 3 washes the color fades also shrinks in size  quality is bad ,Amazon,https://m.media-amazon.com/images/I/71RulP0utFL._UY550_.jpg,2.7154000000000007,0.015259447539738694
66,http://flipkart.com/urbano-fashion-slim-men-white-jeans/p/itmf3vnswzcnfggh?pid=JEAEZGCDHCEQWG7Z&lid=LSTJEAEZGCDHCEQWG7ZDDMJCA&marketplace=FLIPKART&store=clo%2Fvua%2Fk58%2Fi51&srno=b_1_27&otracker=browse&fm=organic&iid=833d958c-4a8b-4ed7-ad10-fbdc5490fbd4.JEAEZGCDHCEQWG7Z.SEARCH&ppt=None&ppn=None&ssid=9w50j8i8e80000001680018546142,Urbano Fashion¬†,Men Slim Mid Rise White Jeans,‚Çπ949,3.9,859,88,very good mind blowing very good product  quality is well very very nice üëå super üëåüëå,Flipkart,https://rukminim1.flixcart.com/image/832/832/xif0q/jean/p/n/k/38-1-dis-heavy-white-urbano-fashion-original-imafuhvwmrar7gmg-bb.jpeg?q=70,3.8101000000000003,0.01339863165268175
116,https://www.snapdeal.com/product/hj-hasasi-blue-regular-fit/666750766762#bcrumbLabelId:194,HJ HASASI,Blue 100% Cotton Regular Fit Men's Jeans ( Pack of 1 ),875,3.9,24,1,perfect product,Snapdeal,https://n1.sdlcdn.com/imgs/k/h/8/HJ-HASASI-Blue-100-Cotton-SDL103996112-1-0bf66.jpg,0.5719,0.010996554329773254
13,https://www.amazon.in/Amazon-Brand-Symbol-Regular-SY-NS-EP-JG-001G_Indigo_34/dp/B097MRJ9R5/ref=zg_bs_1968076031_sccl_14/258-1229559-2740407?psc=1,Amazon Brand - Symbol,Men's Regular Jeans,‚Çπ899,3.9,784,73,its fitting is goog good product but the colour is fadded down bit after some wash btw its good good quality overall quality of the pants is good very comfortable too the only problem i have them is that they are on the baggy side making my legs look stubby looks odd it would be somehow loose fitting happy with the pant and this pant dont possess a zip a little broader in thighs that required\ncloth used can be little harsh in skin\nexcept these its a good purchase bahut he achi quality hai or sub se achi baat ya hai ki comfort bahut acha hai symbol brand ka all most product achi quality mai hai mujhe bahut pasand aaya i hope ek bar try aap log bhi karo good quality and fitting order a size less decent quality  if i wash 56 times the fabric starts losing its shade and quality,Amazon,https://m.media-amazon.com/images/I/81hvrG0PbML._UY550_.jpg,2.666,0.010273124144059387
121,https://www.snapdeal.com/product/moudlin-blue-denim-slim-fit/668024673221,MOUDLIN,Blue Denim Slim Fit Men's Jeans ( Pack of 2 ),1049,4.0,21,0,,Snapdeal,https://n3.sdlcdn.com/imgs/k/l/b/MOUDLIN-Blue-Denim-Slim-Fit-SDL533852645-1-cf952.jpg,0.0,0.00941818067658416
119,https://www.snapdeal.com/product/hj-hasasi-blue-cotton-blend/686556334158,HJ HASASI,Blue Cotton Blend Slim Fit Men's Jeans ( Pack of 1 ),799,4.2,20,0,,Snapdeal,https://n1.sdlcdn.com/imgs/k/k/u/HJ-HASASI-Blue-Cotton-Blend-SDL937126320-1-010a1.JPG,0.0,0.00941818067658416
24,https://www.amazon.in/Ben-Martin-Regular-Jeans-BLACK-GREY-38/dp/B0963JJWRF/ref=zg_bs_1968076031_sccl_25/258-1229559-2740407?psc=1,Ben Martin,Men's Regular Fit Jeans,‚Çπ999,3.5,678,77,comfortable for daily use and quick wash meterial very comfortable worth the price casual fabric of the jeans and fitting appropriate as said in product detail \nbest product at this price good good product average as per rate mai order cancel kr diya hoo lekin product abhi tak return pickup nhi hua hai good quality easy buy,Amazon,https://m.media-amazon.com/images/I/51MA1pcVr5S._UX522_.jpg,2.9614,0.009324498851463007
33,https://www.amazon.in/Urbano-Plus-Regular-Stretchable-plusepsp-mblue-44/dp/B098P8W88D/ref=zg_bs_1968076031_sccl_34/258-1229559-2740407?psc=1,Urbano Plus,Men's Regular Fit Solid Jeans Stretchable,‚Çπ594,3.7,588,58,worth color blending one can call it a trouser with jeans finish\nfabric is thin compared to original jeans not streachable product quality is not good we cannot use daily life comfortable jeans with great look product quality is goy fine stretch jeans is good had to give the jeans to someone else because it was too tight for me excellent product thanks amazon,Amazon,https://m.media-amazon.com/images/I/61-LvZ5LmZS._UX522_.jpg,3.9533,0.00890402795896834
104,https://www.snapdeal.com/product/urbanmark-grey-cotton-blend-regular/684566819138#bcrumbLabelId:194,UrbanMark Men Slim Fit Mid Rise Whisker Wash Stretchable Jea,UrbanMark Men Slim Fit Mid Rise Whisker Wash Stretchable Jeans,999,3.7,20,0,,Snapdeal,https://n3.sdlcdn.com/imgs/k/l/m/UrbanMark-Grey-Cotton-Blend-Regular-SDL399579480-1-ba2d9.jpg,0.0,0.008296968691276522
25,https://www.amazon.in/Diverse-Bootcut-Jeans-DCMDT03BC19L40-503AE_Light-Blue_32/dp/B09RC6LL7R/ref=zg_bs_1968076031_sccl_26/258-1229559-2740407?psc=1,Diverse,Men Jeans,‚Çπ379,3.2,284,39,good product with good price ordered light blue but got dark blue so returned dont know about others didnt liked the product bought it for my teenaged son fit perfectly overall good experience with durability of the material ordered size 36 received item with a size 36 label but acual size on measurement turned out to be 42 total waste of monry cutting is bad i had to alter the bottom part satisfied comfort and relaxed jeans straechable who having narrow legs good for them not same colour as shown on description pic but otherwise good material jeans i bought this third jean of the same brand but in different colour i have another navy blue and black all are perfect as i wanted price is very justified above all i love the product and its fitting its so stylish that i wanna buy these more now writing after using it for several months just ordered my fourth hair yesterday i am in love with it i am 6ft 80 kg it fits as expected comfort is great and value for money for someone who love open and a little loose or bootcut type jeans its worth trying,Amazon,https://m.media-amazon.com/images/I/51FTxdbIJOL._UY550_.jpg,7.9251,0.0074640643751856355
9,https://www.amazon.in/Billford-Mens-Jeans-2_BFD-JJ3_Light-Blue_32/dp/B0B86GR5MK/ref=zg_bs_1968076031_sccl_10/258-1229559-2740407?psc=1,Billford,Men's Slim Fit Jeans,‚Çπ629,3.5,290,71,perfect fittings very good best jeans at affordable price quality not at par  vantage be recommend good looking only length issue 41 inch other wise all good  if u have 57 inch hight go for it but if  this dont buy become white after two wash\ndo not wash keep on wearing till it smells then this away clothes quality kuch khas nahi hai length bada hai my west size 34 hai par 32 fit aya hai price is reasonable considering the moderate quality i did not like the product it was looking so cheap so i returned it exellent product as per cost,Amazon,https://m.media-amazon.com/images/I/71a3OycnGYL._UY550_.jpg,4.0903,0.007374483812908306
85,http://flipkart.com/levi-s-511-slim-men-dark-blue-jeans/p/itma8f73a457ae7c?pid=JEAGDWFEDV45HZBY&lid=LSTJEAGDWFEDV45HZBY5ZQPHW&marketplace=FLIPKART&store=clo%2Fvua%2Fk58%2Fi51&srno=b_2_47&otracker=browse&fm=organic&iid=673763d9-8450-493c-aacc-46160623d1a1.JEAGDWFEDV45HZBY.SEARCH&ppt=None&ppn=None&ssid=ndomp0wh1c0000001680018546853,LEVI'S¬†,511 Men Slim Mid Rise Dark Blue Jeans,"‚Çπ1,449",4.3,563,43,fabric is rough and not comfortable for me i like the product üòÉüòÉüòÉ very low quality jeans fabric is not good at all its not worth it would recommend to not buy,Flipkart,https://rukminim1.flixcart.com/image/832/832/l4zxn680/jean/m/l/j/32-18298-1244-levi-s-original-imagfrvzxhfhnd7x.jpeg?q=70,2.3844000000000003,0.007228673656939587
5,https://www.amazon.in/Ben-Martin-Denim-Strechable-Jeans/dp/B0B58MHQ8Y/ref=zg_bs_1968076031_sccl_6/258-1229559-2740407?psc=1,Ben Martin,Men's Denim Slim Fit Strechable Jeans,‚Çπ499,3.5,461,50,discoloration of the pant after a single wash product not worth it comfort very nice its good value for money quality of cloth is great but the stitching quality is poor product is awesome only drawback is that youll have to go to the tailor if your height is below 57 colour is fade only after one wash this product quality is perfect and very good quality products good gud quality gud fiting,Amazon,https://m.media-amazon.com/images/I/61D3NhllkbL._UY550_.jpg,4.0152,0.0071426678512230245
38,https://www.amazon.in/Campus-Sutra-Denim-Jeans-AZ18JN_Knees_M_PLN_LBU_AZ_34/dp/B085FW1SGW/ref=zg_bs_1968076031_sccl_39/258-1229559-2740407?psc=1,Campus Sutra,Men‚Äôs Classic Blue Dark-Washed Distressed Regular Fit Denim Jeans for Casual Wear | Mid-Rise Stretchable Cotton Denim Jeans Crafted with Comfort Fit & High Performance for Everyday Wear,‚Çπ645,3.4,542,35,size not matching fitng not colour and febric not good quality low quality quality not good for money\nhave to check out colour shades too nice fit and durable üëç i so happy this product bahut hi achha laga aap ke service se or product se or bahut achha comfortable hai jeansüòäüòäüòäüôÇüôÇüôÇ look is good but the product comes with loose fittings,Amazon,https://m.media-amazon.com/images/I/51PAjY776nL._UX522_.jpg,3.5704000000000002,0.006326190826829084
35,https://www.amazon.in/JB-JUST-BLACK-Regular-Jeans/dp/B0937CZ6PG/ref=zg_bs_1968076031_sccl_36/258-1229559-2740407?psc=1,JB JUST BLACK,Men's Regular Fit Jeans,‚Çπ699,3.6,302,33,like the design the cut and stitching the zip quality could be improved also the height from waist to groin is too low need a bit high waist design\nthis was one of the 2 products that fitted the recommended size correctly but the manufacturer should add size guide just to be safe good product for cosüéÅ nice product for this product measurement is perfect as per size chart happy with the purchase after wash colour faded jeans left colour after wash dye was not ok jeans üëñ ok  fits well quality of cloth need some improvement good average price is high good quality and fits perfectly\ngo for it especially if youre plus size good fabric quality is nice worth every peny,Amazon,https://m.media-amazon.com/images/I/81v-FlRemxL._UY550_.jpg,6.6733,0.00630409806461129
131,https://www.snapdeal.com/product/urbano-fashion-dark-blue-slim/648176707263,Urbano Fashion,Dark Blue Cotton Blend Slim Fit Men's Jeans ( Pack of 1 ),749,4.3,13,1,,Snapdeal,https://n2.sdlcdn.com/imgs/k/h/9/Urbano-Fashion-Dark-Blue-Cotton-SDL900511990-1-0bfd9.jpg,0.0,0.006267574997869698
105,https://www.snapdeal.com/product/urbanmark-black-cotton-blend-regular/664417763237#bcrumbLabelId:194,UrbanMark Men Slim Fit Mid Rise Black Stretchable Jea,UrbanMark Men Slim Fit Mid Rise Black Stretchable Jeans,899,3.6,14,0,,Snapdeal,https://n3.sdlcdn.com/imgs/k/l/m/UrbanMark-Black-Cotton-Blend-Regular-SDL337311318-1-5d91a.jpg,0.0,0.005650908405950496
110,https://www.snapdeal.com/product/urban-mark-dark-blue-denim/680524084300#bcrumbLabelId:194,UrbanMark Men Slim Fit Light Wash Dark Blue Stretchable Jea,UrbanMark Men Slim Fit Light Wash Dark Blue Stretchable Jeans,799,3.6,14,0,,Snapdeal,https://n4.sdlcdn.com/imgs/k/k/i/Urban-Mark-Dark-Blue-Denim-SDL532868691-1-5bc4b.jpg,0.0,0.005650908405950496
18,https://www.amazon.in/Amazon-Brand-Inkast-Jogger-INK-SB-CL-JG-218_Blue-2_36/dp/B09CH3X5ZZ/ref=zg_bs_1968076031_sccl_19/258-1229559-2740407?psc=1,Amazon Brand - Inkast Denim Co.,Men's Relaxed Fit Jeans,‚Çπ709,4.0,360,28,ive ordered 38size the fitz goods cloth quality is quite good for this price range looks premium and good fit  good ‡§Ö‡§≤‡§ó colour ‡§ö‡§æ‡§π‡•Ä‡§Ø‡•á7 good product nice fit very good fabric quality like every bit of it perfectly fits  very much stylish i rarely give 5star this deserve 5 but maine ise tight kiya lekin mast product excellent product ,Amazon,https://m.media-amazon.com/images/I/91pHAuhY-oL._UY550_.jpg,4.915900000000001,0.0056455719699076935
41,http://flipkart.com/roadster-skinny-men-dark-blue-jeans/p/itm437a94f349b50?pid=JEAFWZXUTFX7VYDZ&lid=LSTJEAFWZXUTFX7VYDZP207GZ&marketplace=FLIPKART&store=clo%2Fvua%2Fk58%2Fi51&srno=b_1_2&otracker=browse&fm=organic&iid=en_HG5LyvHtEqoSPVUQqxqT%2B1uu7KW25s%2BIrwBZVuKtRVIWNYYp1xXRCdjBIhMauIhAqoosHwAfxn1nCqbnYh%2B2eQ%3D%3D&ppt=None&ppn=None&ssid=9w50j8i8e80000001680018546142,Roadster¬†,Men Skinny Mid Rise Dark Blue Jeans,"‚Çπ1,079",3.5,841,86,dont buy this jeansvery worst productwaste of money dont buythe quality of product is very poor very bad product the fabric is comfortable to wear also fits nice  overall i recomend it,Flipkart,https://rukminim1.flixcart.com/image/832/832/xif0q/jean/i/a/4/30-11274440-roadster-original-imafwzxttqug6jjh-bb.jpeg?q=70,-0.7117999999999998,0.005525895791058847
37,https://www.amazon.in/Amazon-Brand-Symbol-Jeans-S2-SY-SL-12_Blue/dp/B09VT1FTD1/ref=zg_bs_1968076031_sccl_38/258-1229559-2740407?psc=1,Amazon Brand - Symbol,Men's Slim Stretchable Jeans,‚Çπ699,3.5,364,31,okiesh cant say much\nyou can get a much better jeans at this price online or even in offline also awmsme and worth buying good cloth is itchy\nbig size for 30 weist but colour is as shown in this picture returned and refunded my amount good fit gr8 quality item is fine for the price but amazon delivery agents are very rude and might indulge in foul language very soon these days better to avoid such orders material was okay and softer not like pure jean its seems like cotton jean fits perfectly it way too stretchable and good comfy good product üëç\nnext time this price hone pe 3 to 4 purchase karna tha,Amazon,https://m.media-amazon.com/images/I/810-dB+YdjL._UY550_.jpg,4.884800000000001,0.005515312702037116
51,http://flipkart.com/roadster-regular-men-blue-jeans/p/itmfdwqdkgttfgnn?pid=JEAFDVP5PB9NDKHH&lid=LSTJEAFDVP5PB9NDKHHCEUNUB&marketplace=FLIPKART&store=clo%2Fvua%2Fk58%2Fi51&srno=b_1_12&otracker=browse&fm=organic&iid=en_HG5LyvHtEqoSPVUQqxqT%2B1uu7KW25s%2BIrwBZVuKtRVLfLp8rYwEgBclrbn8c%2FQRqkogt5x1%2FRBp1%2F2EP9eyVew%3D%3D&ppt=None&ppn=None&ssid=9w50j8i8e80000001680018546142,Roadster¬†,Men Regular Mid Rise Blue Jeans,"‚Çπ1,079",3.7,554,42,great cloth quality is good very poor fabric looking like a used product quality does not meet as per price,Flipkart,https://rukminim1.flixcart.com/image/832/832/xif0q/shopsy-jean/e/p/v/30-5669787-sk-original-imagdgpzqdwzkatw-bb.jpeg?q=70,0.9498000000000002,0.005296852460939702
145,https://www.snapdeal.com/product/hj-hasasi-blue-denim-slim/628898929771,HJ HASASI,Blue Denim Slim Fit Men's Jeans ( Pack of 1 ),799,4.8,9,2,quality vvvexcellent,Snapdeal,https://n2.sdlcdn.com/imgs/k/l/h/HJ-HASASI-Blue-Denim-Slim-SDL226266355-1-b65c2.JPG,0.0,0.004843635776528996
7,https://www.amazon.in/Levis-Mens-Jeans-18298-1253_Solid-Black_32/dp/B09Z781TTL/ref=zg_bs_1968076031_sccl_8/258-1229559-2740407?psc=1,Levi's,Men's 511 Styled Slim Fit Jeans,"‚Çπ1,449",4.0,300,34,i liked it  very comfortable and quality is also good color is also as shown  must buy the name is enough levisgo for it its a genuine one\ni got under 1500rs very nice product fits wellreal black colour reasonable price only concern about price is high quality  color all good one can go for it only thing is that its is not slim fit its somewhat straight‚Ä¶ colour size and fit as per description snugly fits at your thighs stretchable material comfortable to wear outside at any weather but prefer to use it at colder climates for a price of ‚Çπ699 its a steal i bought size 36 but its a bit loose but its manageable go for it genuine levis 1 number for use,Amazon,https://m.media-amazon.com/images/I/61squlDBu2L._UY550_.jpg,2.7325000000000004,0.004321937012135674
40,http://flipkart.com/roadster-regular-men-blue-jeans/p/itmfdwzvhugstpuv?pid=JEAFDVZNSWQHR5ZC&lid=LSTJEAFDVZNSWQHR5ZCRU9FEO&marketplace=FLIPKART&store=clo%2Fvua%2Fk58%2Fi51&srno=b_1_1&otracker=browse&fm=organic&iid=en_HG5LyvHtEqoSPVUQqxqT%2B1uu7KW25s%2BIrwBZVuKtRVIpNgi4Q3dSTROeEoOTuN0Bju6w2ddiz5fLrIHSmSWtUg%3D%3D&ppt=None&ppn=None&ssid=9w50j8i8e80000001680018546142,Roadster¬†,Men Regular Mid Rise Blue Jeans,‚Çπ839,3.8,551,63,seems totally different what you ordered and what you got very disappointed this time flipkart going down now better you concentrate on your product quality or else someday you will be in trouble quality is so dul quality products roadsters,Flipkart,https://rukminim1.flixcart.com/image/832/832/jsc3ssw0/jean/e/r/n/28-2377247-roadster-original-imafdwvsmyqpfhka.jpeg?q=70,-0.4382,0.004210529385831635
72,http://flipkart.com/levi-s-511-slim-men-dark-blue-jeans/p/itm9a4c945a7faac?pid=JEAGDWFZHMG6XCNZ&lid=LSTJEAGDWFZHMG6XCNZ3NPVRM&marketplace=FLIPKART&store=clo%2Fvua%2Fk58%2Fi51&srno=b_1_33&otracker=browse&fm=organic&iid=833d958c-4a8b-4ed7-ad10-fbdc5490fbd4.JEAGDWFZHMG6XCNZ.SEARCH&ppt=None&ppn=None&ssid=9w50j8i8e80000001680018546142,LEVI'S¬†,511 Men Slim Mid Rise Dark Blue Jeans,"‚Çπ1,449",4.1,376,27,very nice product very comfortable nice,Flipkart,https://rukminim1.flixcart.com/image/832/832/xif0q/jean/z/e/e/-original-imagh292qsrzpuea.jpeg?q=70,1.3536000000000001,0.004098538742223594
65,http://flipkart.com/highlander-slim-men-grey-jeans/p/itm4b1bb2aba4f56?pid=JEAG2CJPADTZWMGB&lid=LSTJEAG2CJPADTZWMGBOGS6PA&marketplace=FLIPKART&store=clo%2Fvua%2Fk58%2Fi51&srno=b_1_26&otracker=browse&fm=organic&iid=833d958c-4a8b-4ed7-ad10-fbdc5490fbd4.JEAG2CJPADTZWMGB.SEARCH&ppt=None&ppn=None&ssid=9w50j8i8e80000001680018546142,HIGHLANDER¬†,Men Slim Low Rise Grey Jeans,‚Çπ709,3.5,617,39,very poor quality and also received a wrong item  verry bad product and very poor good flipkart nice rahul kumar,Flipkart,https://rukminim1.flixcart.com/image/832/832/knqd3m80/jean/3/w/j/38-hljn001383-highlander-original-imag2cj5yzhxbe3z.jpeg?q=70,-1.1105,0.004082178545162006
84,http://flipkart.com/levi-s-511-slim-men-grey-jeans/p/itm104ee3af12de5?pid=JEAGDWYZPHMZDGAP&lid=LSTJEAGDWYZPHMZDGAP7PMH5U&marketplace=FLIPKART&store=clo%2Fvua%2Fk58%2Fi51&srno=b_2_46&otracker=browse&fm=organic&iid=673763d9-8450-493c-aacc-46160623d1a1.JEAGDWYZPHMZDGAP.SEARCH&ppt=None&ppn=None&ssid=ndomp0wh1c0000001680018546853,LEVI'S¬†,511 Men Slim Mid Rise Grey Jeans,"‚Çπ1,439",4.0,354,25,good product üéÅüòéüòéüòéüòéüòéüòéüòéüòéüòé low quality jeans perfect as shown in picture,Flipkart,https://rukminim1.flixcart.com/image/832/832/xif0q/jean/i/e/a/32-18298-1252-levi-s-original-imaggecwrc5zjz8g.jpeg?q=70,1.7207,0.00393048204727703
62,http://flipkart.com/killer-slim-men-dark-blue-jeans/p/itmbf34affd57202?pid=JEAGGCZNW3ETWERA&lid=LSTJEAGGCZNW3ETWERA4LTNHI&marketplace=FLIPKART&store=clo%2Fvua%2Fk58%2Fi51&srno=b_1_23&otracker=browse&fm=organic&iid=833d958c-4a8b-4ed7-ad10-fbdc5490fbd4.JEAGGCZNW3ETWERA.SEARCH&ppt=None&ppn=None&ssid=9w50j8i8e80000001680018546142,KILLER¬†,Men Slim Mid Rise Dark Blue Jeans,"‚Çπ1,224",3.8,327,26,very nice best jeans happy with this beautiful productthank you flipkart,Flipkart,https://rukminim1.flixcart.com/image/832/832/xif0q/jean/w/c/u/-original-imaghgyfzxeepscx.jpeg?q=70,2.2297000000000002,0.003804188523209272
23,https://www.amazon.in/KARGEENS-Mens-Slim-Jeans-k70018c_Khaki_32/dp/B0BBP4QW65/ref=zg_bs_1968076031_sccl_24/258-1229559-2740407?psc=1,KARGEENS,Men Jeans,‚Çπ629,3.3,210,30,apane liye na nice jean pant with stretchable  slim with less weight jeans\nless weight jeans good for summer season its a cheap quality product satisfied bought 3 but you know what to expect with this budget friendly brand my buckle got damaged on the very first day quality and size is perfect but disappointed after opening the packet the colour is not as ordered please care the customers choice first sr good fabric and stretchable also ankle length material was good size was as expected,Amazon,https://m.media-amazon.com/images/I/81uiLVSq-tL._UY550_.jpg,3.1249999999999996,0.0031998627705029795
47,http://flipkart.com/roadster-slim-men-blue-jeans/p/itm6f962eb1f2c26?pid=JEAFZFCUYCE3DTAC&lid=LSTJEAFZFCUYCE3DTACZ77PTY&marketplace=FLIPKART&store=clo%2Fvua%2Fk58%2Fi51&srno=b_1_8&otracker=browse&fm=organic&iid=en_HG5LyvHtEqoSPVUQqxqT%2B1uu7KW25s%2BIrwBZVuKtRVJ33ixFYOpmByuWXdcuuDwIH60KiBQS2dVyLAEZB1w%2B3Q%3D%3D&ppt=None&ppn=None&ssid=9w50j8i8e80000001680018546142,Roadster¬†,Men Slim Mid Rise Blue Jeans,‚Çπ779,3.8,406,30,worst poor quality i dont buy if its free of cost and roadster product product is not as expected,Flipkart,https://rukminim1.flixcart.com/image/832/832/kjhgzgw0-0/jean/w/t/3/28-12303736-roadster-original-imafzfcu5dyhcycz.jpeg?q=70,-0.5909999999999999,0.0031483460990843985
26,https://www.amazon.in/Levis-Mens-Jeans-18298-1244_Dark-Indigo_34/dp/B09Z786ZN6/ref=zg_bs_1968076031_sccl_27/258-1229559-2740407?psc=1,Levi's,Men's 511 Slim Fit Jeans,"‚Çπ1,449",3.8,158,15,the fit was all great snug fit the colour is also good pretty unique looser fitting than expected but comfortable  as always up to the mark jeans by levis only have to order a size smaller as it fits loose as for 32 you have to order a 30 brought it for my father it looks good and nice fitting product is more then value for money dull color  dont buy just ok cloth material fit was more like 512 the fitting is ok but the item weight is very less it is just 220 gms whereas in the product description its mentioned 650 gms though it looks like levis product its not the real jeans proper fitting,Amazon,https://m.media-amazon.com/images/I/51Wrr3Qi-VL._UX522_.jpg,4.9496,0.002649769480150386
45,http://flipkart.com/killer-slim-men-dark-blue-jeans/p/itm514b69e929805?pid=JEAGF5MGFTMFKNYP&lid=LSTJEAGF5MGFTMFKNYPRGOSQR&marketplace=FLIPKART&store=clo%2Fvua%2Fk58%2Fi51&srno=b_1_6&otracker=browse&fm=organic&iid=833d958c-4a8b-4ed7-ad10-fbdc5490fbd4.JEAGF5MGFTMFKNYP.SEARCH&ppt=None&ppn=None&ssid=9w50j8i8e80000001680018546142,KILLER¬†,Men Slim Mid Rise Dark Blue Jeans,"‚Çπ1,084",3.8,217,21,very nice product very nice üëåüëç thanks,Flipkart,https://rukminim1.flixcart.com/image/832/832/xif0q/jean/p/y/n/-original-imaggjcyscgy9bvw.jpeg?q=70,2.0131,0.002591279032008088
102,https://www.snapdeal.com/product/moudlin-light-blue-denim-slim/625211359692#bcrumbLabelId:194,MOUDLIN,Light Blue Denim Slim Fit Men's Jeans ( Pack of 1 ),649,4.6,5,1,,Snapdeal,https://n2.sdlcdn.com/imgs/k/n/i/MOUDLIN-Light-Blue-Denim-Slim-SDL054862925-1-cb331.jpg,0.0,0.0025787875662075677
120,https://www.snapdeal.com/product/urbano-fashion-dark-blue-slim/655094999189,Urbano Fashion,Dark Blue Cotton Blend Slim Fit Men's Jeans ( Pack of 1 ),819,5.0,4,0,,Snapdeal,https://n4.sdlcdn.com/imgs/k/h/8/Urbano-Fashion-Dark-Blue-Cotton-SDL028519455-1-bbce3.jpg,0.0,0.002242423970615276
91,http://flipkart.com/metronaut-flipkart-slim-men-light-blue-jeans/p/itm3a81f07855f12?pid=JEAGB6GVSKVHEB2G&lid=LSTJEAGB6GVSKVHEB2GMIXEKE&marketplace=FLIPKART&store=clo%2Fvua%2Fk58%2Fi51&srno=b_2_53&otracker=browse&fm=organic&iid=673763d9-8450-493c-aacc-46160623d1a1.JEAGB6GVSKVHEB2G.SEARCH&ppt=None&ppn=None&ssid=ndomp0wh1c0000001680018546853,METRONAUT By Flipkart¬†,Men Slim Mid Rise Light Blue Jeans,‚Çπ664,3.7,173,20,nice product üòäüëç very good quality good quality pant in this price range,Flipkart,https://rukminim1.flixcart.com/image/832/832/xif0q/jean/x/z/r/32-mss22mjn223-metronaut-original-imagg7gagxguzztg.jpeg?q=70,2.0206999999999997,0.0021448785768669394
71,http://flipkart.com/kotty-regular-men-black-jeans/p/itmde7715a70cc9e?pid=JEAGMDJA2AHEMH7B&lid=LSTJEAGMDJA2AHEMH7B4EDHKN&marketplace=FLIPKART&store=clo%2Fvua%2Fk58%2Fi51&srno=b_1_32&otracker=browse&fm=organic&iid=en_HG5LyvHtEqoSPVUQqxqT%2B1uu7KW25s%2BIrwBZVuKtRVLn7A8Pd9B88d%2FVoo3xBUhNg4N37LlYqYAAvUt0KaOx4Q%3D%3D&ppt=None&ppn=None&ssid=9w50j8i8e80000001680018546142,KOTTY¬†,Men Regular Mid Rise Black Jeans,‚Çπ899,3.6,193,19,light fade average quality too good worth it not good product colour fade,Flipkart,https://rukminim1.flixcart.com/image/832/832/xif0q/jean/1/d/h/34-kttmensjeans29-kotty-original-imagmdg3ajtjdrxy.jpeg?q=70,1.1071,0.0019273221774870983
14,https://www.amazon.in/Levis-Mens-Slim-Jeans-36087-0526_Indigo_38/dp/B09VBZCB59/ref=zg_bs_1968076031_sccl_15/258-1229559-2740407?psc=1,Levi's,Men's 512 Styled Slim Tapered Fit Jeans,"‚Çπ1,109",4.0,124,12,nice product‚Ä¶don‚Äôt think just grab itüôÇ the jean is very good and energetic but the size is loose size fits as expected  product is as is as in picture shown on amazon and fits perfect\nawesome and the price is also very reasonable\ndon‚Äôt go to levi‚Äôs show room where no straight discount offered\nbuy on line awesome discounts\nfor 5‚Äô 5‚Äù need to resise this is not good jeans very loose fit for my size 34 i bought levis from myntra of almost same price and it was very good and correct fitting overall fabric is good and smoot to wear size is some large the fitis perfect and the lycra stretch fabric is great deceiving in the name of brand dont believe the pictures the product was too loose absolutely nothing near the fitting required sorry world no 1 mrp 10000000 discount rs10000,Amazon,https://m.media-amazon.com/images/I/51jIAH5VPEL._UX522_.jpg,3.6501,0.0018812105308535227
3,https://www.amazon.in/Levis-Mens-Jeans-18298-1255_Mid-Indigo_32/dp/B09Z77Z9JF/ref=zg_bs_1968076031_sccl_4/258-1229559-2740407?psc=1,Levi's,Men's 511 Slim Fit Jeans,"‚Çπ1,160",4.1,87,9,not like original stitches perfect fit at reasonable price liked the fit at first go it looks like not a original product colour faded in 2 wash only its not denim its stretchable fabric i personally dont like wearing them no other word i could think off i only wear jeans of levis first time i bought levis jeans from amazon the product is good and fits well its as described and fitting is perfect value for money too rough a material unlike levis i am a big fan of levis  have been wearing since 15years but this product doesnt feel authentic though fitting is good,Amazon,https://m.media-amazon.com/images/I/71sIjcR88iL._UY550_.jpg,5.701800000000001,0.0017007732465295611
100,https://www.snapdeal.com/product/realize-blue-cotton-slim-fit/644743230209#bcrumbLabelId:194,Re,ize - Blue Cotton Slim Fit Men's Jeans ( Pack of 1 ),875,5.0,3,0,,Snapdeal,https://n4.sdlcdn.com/imgs/k/k/l/Rea-lize-Blue-Cotton-Slim-SDL982664071-1-efd4e.JPG,0.0,0.0016818179779614572
92,http://flipkart.com/roadster-skinny-men-blue-jeans/p/itm22d4cb01174cb?pid=JEAFPMGSUHUG34RB&lid=LSTJEAFPMGSUHUG34RBXMBO4O&marketplace=FLIPKART&store=clo%2Fvua%2Fk58%2Fi51&srno=b_2_54&otracker=browse&fm=organic&iid=673763d9-8450-493c-aacc-46160623d1a1.JEAFPMGSUHUG34RB.SEARCH&ppt=None&ppn=None&ssid=ndomp0wh1c0000001680018546853,Roadster¬†,Men Skinny Mid Rise Blue Jeans,‚Çπ797,3.7,174,13,quality is not good ouality very poor good quality,Flipkart,https://rukminim1.flixcart.com/image/832/832/k7dnonk0/jean/4/r/b/36-11274758-roadster-original-imafpmsfwehzhsfb.jpeg?q=70,0.4041,0.0015358988123547962
73,http://flipkart.com/lee-slim-men-blue-jeans/p/itmdb1160359bc2f?pid=JEAGGTMPCZD5Z55E&lid=LSTJEAGGTMPCZD5Z55EBHQCLA&marketplace=FLIPKART&store=clo%2Fvua%2Fk58%2Fi51&srno=b_1_34&otracker=browse&fm=organic&iid=833d958c-4a8b-4ed7-ad10-fbdc5490fbd4.JEAGGTMPCZD5Z55E.SEARCH&ppt=None&ppn=None&ssid=9w50j8i8e80000001680018546142,LEE¬†,Men Slim Mid Rise Blue Jeans,"‚Çπ1,259",4.0,141,10,colour is blue not black but quality is really good superb quality good,Flipkart,https://rukminim1.flixcart.com/image/832/832/xif0q/jean/z/f/0/38-lmjnsm3834-lee-original-imaggw6rrffzcwnw.jpeg?q=70,1.5057,0.0015290658775246615
48,http://flipkart.com/killer-slim-men-dark-blue-jeans/p/itma6eb791bcd430?pid=JEAGF5MGHZRSAJHN&lid=LSTJEAGF5MGHZRSAJHNY08HLQ&marketplace=FLIPKART&store=clo%2Fvua%2Fk58%2Fi51&srno=b_1_9&otracker=browse&fm=organic&iid=833d958c-4a8b-4ed7-ad10-fbdc5490fbd4.JEAGF5MGHZRSAJHN.SEARCH&ppt=None&ppn=None&ssid=9w50j8i8e80000001680018546142,KILLER¬†,Men Slim Mid Rise Dark Blue Jeans,"‚Çπ1,119",3.9,169,15,nice adjustable face killer jeans,Flipkart,https://rukminim1.flixcart.com/image/832/832/xif0q/jean/p/w/q/-original-imaggjcygugzwmqz.jpeg?q=70,-0.22709999999999997,0.001418177562559152
56,http://flipkart.com/ben-martin-regular-men-grey-jeans/p/itmcc3b55ad239b8?pid=JEAFSQP8FCRAJTDP&lid=LSTJEAFSQP8FCRAJTDPCLGTB7&marketplace=FLIPKART&store=clo%2Fvua%2Fk58%2Fi51&srno=b_1_17&otracker=browse&fm=organic&iid=833d958c-4a8b-4ed7-ad10-fbdc5490fbd4.JEAFSQP8FCRAJTDP.SEARCH&ppt=None&ppn=None&ssid=9w50j8i8e80000001680018546142,BEN MARTIN¬†,Men Regular Mid Rise Grey Jeans,‚Çπ499,3.7,181,18,it is good very bad after one wash the colour fades very disappointed quality is not as expected,Flipkart,https://rukminim1.flixcart.com/image/832/832/kbb49zk0/jean/n/b/u/36-bmw-darklevis-d-ben-martin-original-imafszrtctdhcqe2.jpeg?q=70,-0.5786,0.0013189104419850102
53,http://flipkart.com/levi-s-512-tapered-fit-men-blue-jeans/p/itm304eefc264186?pid=JEAGDWFMZBFMWGNG&lid=LSTJEAGDWFMZBFMWGNGQD31PQ&marketplace=FLIPKART&store=clo%2Fvua%2Fk58%2Fi51&srno=b_1_14&otracker=browse&fm=organic&iid=833d958c-4a8b-4ed7-ad10-fbdc5490fbd4.JEAGDWFMZBFMWGNG.SEARCH&ppt=None&ppn=None&ssid=9w50j8i8e80000001680018546142,LEVI'S¬†,512 Men Tapered Fit Mid Rise Blue Jeans,"‚Çπ1,449",4.1,100,8,super fit üôÇ nice quality good üëç copy feds in each wash not recommended,Flipkart,https://rukminim1.flixcart.com/image/832/832/xif0q/jean/5/b/a/-original-imagh3kye5rmwjku.jpeg?q=70,2.4281,0.001260413121855109
146,https://www.snapdeal.com/product/halogen-white-cotton-blend-skinny/633975968084,HALOGEN,White Cotton Blend Skinny Fit Men's Jeans ( Pack of 1 ),1094,3.7,3,0,,Snapdeal,https://n2.sdlcdn.com/imgs/k/l/l/HALOGEN-White-Cotton-Blend-Skinny-SDL147637479-1-13a04.jpg,0.0,0.0012445453036914785
54,http://flipkart.com/lee-regular-men-blue-jeans/p/itmf2d018ef48875?pid=JEAGGTMPJAGXBMYT&lid=LSTJEAGGTMPJAGXBMYTZWIRPK&marketplace=FLIPKART&store=clo%2Fvua%2Fk58%2Fi51&srno=b_1_15&otracker=browse&fm=organic&iid=833d958c-4a8b-4ed7-ad10-fbdc5490fbd4.JEAGGTMPJAGXBMYT.SEARCH&ppt=None&ppn=None&ssid=9w50j8i8e80000001680018546142,Lee¬†,Men Regular Mid Rise Blue Jeans,"‚Çπ1,399",3.7,115,11,proper regularstraight fitlength is also good quality not good value for money,Flipkart,https://rukminim1.flixcart.com/image/832/832/xif0q/jean/p/g/r/36-lmjnsm3907-lee-original-imaggw6sjdrv9xgr.jpeg?q=70,1.2208,0.001189905687518429
114,https://www.snapdeal.com/product/apricorn-black-cotton-blend-skinny/638678360811#bcrumbLabelId:194,Apricorn,Black Cotton Blend Skinny Fit Men's Jeans ( Pack of 1 ),999,5.0,2,0,,Snapdeal,https://n3.sdlcdn.com/imgs/k/l/6/Apricorn-Black-Cotton-Blend-Skinny-SDL763455423-1-e603e.png,0.0,0.001121211985307638
70,http://flipkart.com/killer-slim-men-dark-blue-jeans/p/itmaf5b96f3427cd?pid=JEAGF5MG4P2GM9QY&lid=LSTJEAGF5MG4P2GM9QYQO9VMA&marketplace=FLIPKART&store=clo%2Fvua%2Fk58%2Fi51&srno=b_1_31&otracker=browse&fm=organic&iid=833d958c-4a8b-4ed7-ad10-fbdc5490fbd4.JEAGF5MG4P2GM9QY.SEARCH&ppt=None&ppn=None&ssid=9w50j8i8e80000001680018546142,KILLER¬†,Men Slim Mid Rise Dark Blue Jeans,"‚Çπ1,259",3.7,112,9,very nice product and cool jeans cheap and best quality i have purchased a killer jeans from the store last year but quality of this jeans is not the same as the quality of store purchase good,Flipkart,https://rukminim1.flixcart.com/image/832/832/xif0q/jean/j/v/y/-original-imaggjcyhzdbfykt.jpeg?q=70,1.1684,0.0011138710164123845
67,http://flipkart.com/styzon-slim-men-black-jeans/p/itm9b748d6c7852b?pid=JEAGD5Q3GQFFEHMM&lid=LSTJEAGD5Q3GQFFEHMMXDB1YO&marketplace=FLIPKART&store=clo%2Fvua%2Fk58%2Fi51&srno=b_1_28&otracker=browse&fm=organic&iid=en_HG5LyvHtEqoSPVUQqxqT%2B1uu7KW25s%2BIrwBZVuKtRVLbOFR2jB5d7m2%2F6ONq1xPHy5Ks7rNKeyRV4l0Leny7Uw%3D%3D&ppt=None&ppn=None&ssid=9w50j8i8e80000001680018546142,Styzon¬†,Men Slim Mid Rise Black Jeans,‚Çπ449,3.9,94,4,nice product ok nice product ‚ò∫Ô∏è‚ò∫Ô∏è,Flipkart,https://rukminim1.flixcart.com/image/832/832/xif0q/jean/o/8/t/28-r-410-styzon-original-imagm88cumzhpzyf.jpeg?q=70,1.8574000000000002,0.0009525057309789761
69,http://flipkart.com/metronaut-flipkart-slim-men-light-blue-jeans/p/itm98ea917b9656a?pid=JEAGB6GVFGWRXWZK&lid=LSTJEAGB6GVFGWRXWZKRN8DIO&marketplace=FLIPKART&store=clo%2Fvua%2Fk58%2Fi51&srno=b_1_30&otracker=browse&fm=organic&iid=833d958c-4a8b-4ed7-ad10-fbdc5490fbd4.JEAGB6GVFGWRXWZK.SEARCH&ppt=None&ppn=None&ssid=9w50j8i8e80000001680018546142,METRONAUT By Flipkart¬†,Men Slim Mid Rise Light Blue Jeans,‚Çπ664,3.8,79,3,nice üòä awesome product ‚ù§Ô∏è aws product good quality value for money,Flipkart,https://rukminim1.flixcart.com/image/832/832/xif0q/jean/5/p/m/32-mss22mjn203-metronaut-original-imagg6khrvwfxbey.jpeg?q=70,2.5452,0.0008072252888717379
32,https://www.amazon.in/Levis-Mens-Jeans-36087-0527_Light-Indigo_32/dp/B09VC1TPSX/ref=zg_bs_1968076031_sccl_33/258-1229559-2740407?psc=1,Levi's,Men's 512 Slim Tapered Fit Jeans,"‚Çπ1,289",3.7,53,8,very good product  amazing price as well republic day sale  as a good product perfect materialalways 32 inch but this timelittle large ü§î good amazon se koi product return lene aaya hi nahi hai aur return product options me type kr diya price tag missing very bad appeamazon product quality response qualitysame badhiya maal hai worst dont buy good quality,Amazon,https://m.media-amazon.com/images/I/51XUSlpm9fL._UX522_.jpg,1.9073000000000002,0.0007076138512677359
95,http://flipkart.com/u-s-polo-assn-slim-men-blue-jeans/p/itmb43844309124c?pid=JEAGGCXTENCUHXGW&lid=LSTJEAGGCXTENCUHXGW38RKB3&marketplace=FLIPKART&store=clo%2Fvua%2Fk58%2Fi51&srno=b_2_57&otracker=browse&fm=organic&iid=673763d9-8450-493c-aacc-46160623d1a1.JEAGGCXTENCUHXGW.SEARCH&ppt=None&ppn=None&ssid=ndomp0wh1c0000001680018546853,U.S. POLO ASSN.¬†,Men Slim Mid Rise Blue Jeans,"‚Çπ1,399",3.5,64,4,very nice super product is very nice paisa vasul but this is not slim fit,Flipkart,https://rukminim1.flixcart.com/image/832/832/xif0q/jean/a/w/y/-original-imaghxpktshzk6zx.jpeg?q=70,1.8036,0.0006289580492092582
108,https://www.snapdeal.com/product/colt-denim-regular-fit-blue/670924469697#bcrumbLabelId:194,Colt Denim Regular Fit Blue Men's Jeans ( Pack of 1,Colt Denim Regular Fit Blue Men's Jeans ( Pack of 1 ),1139,5.0,1,0,,Snapdeal,https://n1.sdlcdn.com/imgs/k/f/m/Colt-Denim-Regular-Fit-Blue-SDL481986364-1-ca69d.jpg,0.0,0.000560605992653819
77,http://flipkart.com/levi-s-slim-men-blue-jeans/p/itmdea3d31a43111?pid=JEAGJYT3YXHCRGGV&lid=LSTJEAGJYT3YXHCRGGV3HRY9H&marketplace=FLIPKART&store=clo%2Fvua%2Fk58%2Fi51&srno=b_1_38&otracker=browse&fm=organic&iid=833d958c-4a8b-4ed7-ad10-fbdc5490fbd4.JEAGJYT3YXHCRGGV.SEARCH&ppt=None&ppn=None&ssid=9w50j8i8e80000001680018546142,LEVI'S¬†,Men Slim Mid Rise Blue Jeans,"‚Çπ1,439",4.3,55,1,gud product,Flipkart,https://rukminim1.flixcart.com/image/832/832/xif0q/jean/r/c/y/32-36087-0698-levi-s-original-imagm5pr3r7arpqq.jpeg?q=70,0.0,0.0005303332690505128
97,http://flipkart.com/metronaut-flipkart-slim-men-black-jeans/p/itm163f3f6f49f14?pid=JEAGEKQZYGHHWCRG&lid=LSTJEAGEKQZYGHHWCRGN48W6Z&marketplace=FLIPKART&store=clo%2Fvua%2Fk58%2Fi51&srno=b_2_59&otracker=browse&fm=organic&iid=673763d9-8450-493c-aacc-46160623d1a1.JEAGEKQZYGHHWCRG.SEARCH&ppt=None&ppn=None&ssid=ndomp0wh1c0000001680018546853,METRONAUT By Flipkart¬†,Men Slim Mid Rise Black Jeans,‚Çπ658,3.7,50,4,very good product very good qualityvery good elasticityvery good color dull and cloth quality poor size is not fitting quality ok,Flipkart,https://rukminim1.flixcart.com/image/832/832/xif0q/jean/y/x/i/32-mss22mjn352-metronaut-original-imagjfwdgtjrcymf.jpeg?q=70,1.179,0.0004976419248466512
58,http://flipkart.com/metronaut-flipkart-skinny-men-blue-jeans/p/itm4fae2fc3f34d5?pid=JEAGEKQZHBT327DW&lid=LSTJEAGEKQZHBT327DWWDN8KS&marketplace=FLIPKART&store=clo%2Fvua%2Fk58%2Fi51&srno=b_1_19&otracker=browse&fm=organic&iid=833d958c-4a8b-4ed7-ad10-fbdc5490fbd4.JEAGEKQZHBT327DW.SEARCH&ppt=None&ppn=None&ssid=9w50j8i8e80000001680018546142,METRONAUT By Flipkart¬†,Men Skinny Mid Rise Blue Jeans,‚Çπ658,4.0,31,5,nice good best n good,Flipkart,https://rukminim1.flixcart.com/image/832/832/xif0q/jean/k/a/i/32-mss22mjn313-metronaut-original-imagk7qgfnn2ubzh.jpeg?q=70,1.9392,0.00044828230301411276
78,http://flipkart.com/metronaut-flipkart-slim-men-grey-jeans/p/itm3af3b93115f4a?pid=JEAGEKQZCHHQDNUF&lid=LSTJEAGEKQZCHHQDNUFGMRPXO&marketplace=FLIPKART&store=clo%2Fvua%2Fk58%2Fi51&spotlightTagId=TrendingId_clo%2Fvua%2Fk58%2Fi51&srno=b_1_39&otracker=browse&fm=organic&iid=833d958c-4a8b-4ed7-ad10-fbdc5490fbd4.JEAGEKQZCHHQDNUF.SEARCH&ppt=None&ppn=None&ssid=9w50j8i8e80000001680018546142,METRONAUT By Flipkart¬†,Men Slim Mid Rise Grey Jeans,‚Çπ594,4.3,34,1,nce quality  i am very happy for this product delightful ,Flipkart,https://rukminim1.flixcart.com/image/832/832/xif0q/jean/p/o/v/32-mss22mjn297-metronaut-original-imagjwkzmsuzdt6u.jpeg?q=70,1.1578,0.00034816857259756126
87,http://flipkart.com/u-s-polo-assn-skinny-men-blue-jeans/p/itm9849a104ad78a?pid=JEAG94WB83SG8B5Z&lid=LSTJEAG94WB83SG8B5ZW1ITK6&marketplace=FLIPKART&store=clo%2Fvua%2Fk58%2Fi51&srno=b_2_49&otracker=browse&fm=organic&iid=673763d9-8450-493c-aacc-46160623d1a1.JEAG94WB83SG8B5Z.SEARCH&ppt=None&ppn=None&ssid=ndomp0wh1c0000001680018546853,U.S. POLO ASSN.¬†,Men Skinny Mid Rise Blue Jeans,"‚Çπ2,169",3.4,43,0,,Flipkart,https://rukminim1.flixcart.com/image/832/832/l1xwqkw0/jean/w/y/z/32-udjen0291-u-s-polo-assn-original-imagde7h8wdygkhz.jpeg?q=70,0.0,0.00032784238450395337
21,https://www.amazon.in/Polo-ASSN-Slim-Jeans-UDJENO0821_Black_34/dp/B0B8DLZLTP/ref=zg_bs_1968076031_sccl_22/258-1229559-2740407?psc=1,U.S. POLO ASSN.,Men Men's Jeans,"‚Çπ1,209",4.2,25,3,the length was quite more but the quality of the cloth is good üëçüèª cloth quality is not good i had ordered this one and another one with same price but brand was different which is of good quality you will get any local brand with this quality much cheaper better to buy from footpath us polo brand material quality is very low,Amazon,https://m.media-amazon.com/images/I/61ossXamqEL._UY550_.jpg,1.4884,0.00031384499460986915
93,http://flipkart.com/u-s-polo-assn-skinny-men-blue-jeans/p/itm1e1f93e379ba7?pid=JEAG94WBMGHTXGYS&lid=LSTJEAG94WBMGHTXGYS90W6LU&marketplace=FLIPKART&store=clo%2Fvua%2Fk58%2Fi51&srno=b_2_55&otracker=browse&fm=organic&iid=673763d9-8450-493c-aacc-46160623d1a1.JEAG94WBMGHTXGYS.SEARCH&ppt=None&ppn=None&ssid=ndomp0wh1c0000001680018546853,U.S. POLO ASSN.¬†,Men Skinny Mid Rise Blue Jeans,"‚Çπ2,089",3.6,34,1,very nice,Flipkart,https://rukminim1.flixcart.com/image/832/832/l1xwqkw0/jean/i/z/8/32-udjen0281-u-s-polo-assn-original-imagde7fnh4y3nza.jpeg?q=70,0.4215,0.000281872493866374
88,http://flipkart.com/being-human-skinny-men-grey-jeans/p/itmee12b16113b5c?pid=JEAGJHJAC8GZKTGR&lid=LSTJEAGJHJAC8GZKTGRINUV4Q&marketplace=FLIPKART&store=clo%2Fvua%2Fk58%2Fi51&srno=b_2_50&otracker=browse&fm=organic&iid=673763d9-8450-493c-aacc-46160623d1a1.JEAGJHJAC8GZKTGR.SEARCH&ppt=None&ppn=None&ssid=ndomp0wh1c0000001680018546853,BEING HUMAN¬†,Men Skinny Mid Rise Grey Jeans,"‚Çπ1,224",3.8,27,2,super üëå üëç dont buy it,Flipkart,https://rukminim1.flixcart.com/image/832/832/xif0q/jean/j/9/c/32-bhdilv22558-being-human-original-imagjhjafjz4phhw.jpeg?q=70,1.3291,0.00027673971716922523
81,http://flipkart.com/spykar-slim-men-blue-jeans/p/itma2f8e644c16c9?pid=JEAGJKKFRZWCBBKS&lid=LSTJEAGJKKFRZWCBBKSNPTKUB&marketplace=FLIPKART&store=clo%2Fvua%2Fk58%2Fi51&srno=b_2_42&otracker=browse&fm=organic&iid=673763d9-8450-493c-aacc-46160623d1a1.JEAGJKKFRZWCBBKS.SEARCH&ppt=None&ppn=None&ssid=ndomp0wh1c0000001680018546853,Spykar¬†,Men Slim Low Rise Blue Jeans,"‚Çπ1,664",4.1,23,2,quality is good and fitting also good the best quality product,Flipkart,https://rukminim1.flixcart.com/image/832/832/xif0q/jean/h/v/e/-original-imaghmynaphzhsqv.jpeg?q=70,1.5177,0.00026474967296601955
96,http://flipkart.com/peter-england-skinny-men-grey-jeans/p/itm5220e93e3d23e?pid=JEAGHDZQ6CJGEZCH&lid=LSTJEAGHDZQ6CJGEZCHV2YUFT&marketplace=FLIPKART&store=clo%2Fvua%2Fk58%2Fi51&srno=b_2_58&otracker=browse&fm=organic&iid=673763d9-8450-493c-aacc-46160623d1a1.JEAGHDZQ6CJGEZCH.SEARCH&ppt=None&ppn=None&ssid=ndomp0wh1c0000001680018546853,PETER ENGLAND¬†,Men Skinny Mid Rise Grey Jeans,"‚Çπ1,049",4.0,25,1,extra ordinary product,Flipkart,https://rukminim1.flixcart.com/image/832/832/xif0q/jean/h/g/l/-original-imaghsebwjyzdqgj.jpeg?q=70,0.0,0.00022424239706152763
55,http://flipkart.com/here-now-regular-men-dark-blue-jeans/p/itm08e0680ab486a?pid=JEAGDK68YYG5HB94&lid=LSTJEAGDK68YYG5HB94QY2ERQ&marketplace=FLIPKART&store=clo%2Fvua%2Fk58%2Fi51&srno=b_1_16&otracker=browse&fm=organic&iid=en_HG5LyvHtEqoSPVUQqxqT%2B1uu7KW25s%2BIrwBZVuKtRVLIQ8oxG1IVZH%2FYJq9jo9ScPrnIcW%2BZ2m6OxS7K2s5tlw%3D%3D&ppt=None&ppn=None&ssid=9w50j8i8e80000001680018546142,HERE&NOW¬†,Men Regular Mid Rise Dark Blue Jeans,"‚Çπ1,079",3.7,9,0,,Flipkart,https://rukminim1.flixcart.com/image/832/832/l251xu80/jean/p/e/h/32-17070194-here-now-original-imagdk68zpq6f7ax.jpeg?q=70,0.0,7.46727182214887e-05
74,http://flipkart.com/being-human-boot-leg-men-black-jeans/p/itm5368a6c3ec407?pid=JEAGHSFVHNTRCYGF&lid=LSTJEAGHSFVHNTRCYGFKCI0LP&marketplace=FLIPKART&store=clo%2Fvua%2Fk58%2Fi51&srno=b_1_35&otracker=browse&fm=organic&iid=833d958c-4a8b-4ed7-ad10-fbdc5490fbd4.JEAGHSFVHNTRCYGF.SEARCH&ppt=None&ppn=None&ssid=9w50j8i8e80000001680018546142,BEING HUMAN¬†,Men Boot-Leg Mid Rise Black Jeans,‚Çπ989,5.0,3,0,,Flipkart,https://rukminim1.flixcart.com/image/832/832/xif0q/jean/p/s/u/32-bhdilv22581-black-tone-being-human-original-imagmtcdyyfe5zya.jpeg?q=70,0.0,3.3636359559229146e-05
137,https://www.snapdeal.com/product/lawson-white-denim-skinny-fit/636504203798,Lawson,White Denim Skinny Fit Men's Jeans ( Pack of 1 ),999,0.0,0,0,,Snapdeal,https://n4.sdlcdn.com/imgs/k/l/x/Lawson-White-Denim-Skinny-Fit-SDL885931130-1-f29a9.jpg,0.0,0.0
136,https://www.snapdeal.com/product/prankster-green-denim-regular-fit/626994209288,PRANKSTER,Green Denim Regular Fit Men's Jeans ( Pack of 1 ),1149,0.0,0,0,,Snapdeal,https://n3.sdlcdn.com/imgs/k/m/e/PRANKSTER-Green-Denim-Regular-Fit-SDL756069187-1-4a222.jpg,0.0,0.0
60,http://flipkart.com/spykar-skinny-men-dark-blue-jeans/p/itm9ee50934714c4?pid=JEAGCHY2TGVSVHVW&lid=LSTJEAGCHY2TGVSVHVWEMHNFC&marketplace=FLIPKART&store=clo%2Fvua%2Fk58%2Fi51&srno=b_1_21&otracker=browse&fm=organic&iid=833d958c-4a8b-4ed7-ad10-fbdc5490fbd4.JEAGCHY2TGVSVHVW.SEARCH&ppt=None&ppn=None&ssid=9w50j8i8e80000001680018546142,Spykar¬†,Men Skinny Low Rise Dark Blue Jeans,"‚Çπ1,529",0.0,0,0,,Flipkart,https://rukminim1.flixcart.com/image/832/832/xif0q/jean/q/w/n/-original-imaghmym8ftk4hfr.jpeg?q=70,0.0,0.0
68,http://flipkart.com/calvin-klein-jeans-regular-men-black/p/itmc3d13ad12ce29?pid=JEAGFGTVHV4HAVAX&lid=LSTJEAGFGTVHV4HAVAXDDN94H&marketplace=FLIPKART&store=clo%2Fvua%2Fk58%2Fi51&srno=b_1_29&otracker=browse&fm=organic&iid=833d958c-4a8b-4ed7-ad10-fbdc5490fbd4.JEAGFGTVHV4HAVAX.SEARCH&ppt=None&ppn=None&ssid=9w50j8i8e80000001680018546142,Calvin Klein Jeans¬†,Men Regular Mid Rise Black Jeans,"‚Çπ9,099",0.0,0,0,,Flipkart,https://rukminim1.flixcart.com/image/832/832/xif0q/jean/r/h/g/32-j3222801by-calvin-klein-jeans-original-imagg497nev6bquw.jpeg?q=70,0.0,0.0
75,http://flipkart.com/dennie-foste-slim-men-dark-blue-jeans/p/itm5be89d6b498dd?pid=JEAGMYDSNBUXKDG2&lid=LSTJEAGMYDSNBUXKDG2QPOZQG&marketplace=FLIPKART&store=clo%2Fvua%2Fk58%2Fi51&srno=b_1_36&otracker=browse&fm=organic&iid=en_HG5LyvHtEqoSPVUQqxqT%2B1uu7KW25s%2BIrwBZVuKtRVL%2BfYSSvpXsF4WGGkcODzS15LDQuiCOvOyYZDb9g%2BKmcQ%3D%3D&ppt=None&ppn=None&ssid=9w50j8i8e80000001680018546142,DENNIE FOSTE¬†,Men Slim Mid Rise Dark Blue Jeans,‚Çπ699,0.0,0,0,,Flipkart,https://rukminim1.flixcart.com/image/832/832/xif0q/jean/c/3/a/32-dfmj-0014-dennie-foste-original-imagmydmgfnhwbff.jpeg?q=70,0.0,0.0
79,http://flipkart.com/cantabil-regular-men-blue-jeans/p/itma65b5b53003c2?pid=JEAGK22UAZZRVUQK&lid=LSTJEAGK22UAZZRVUQKHVLM3I&marketplace=FLIPKART&store=clo%2Fvua%2Fk58%2Fi51&srno=b_1_40&otracker=browse&fm=organic&iid=en_HG5LyvHtEqoSPVUQqxqT%2B1uu7KW25s%2BIrwBZVuKtRVLpNXJgUXOqA3sM%2Bbonu17u%2BBBoy0CqLIGz1%2FPg1W0Y1w%3D%3D&ppt=None&ppn=None&ssid=9w50j8i8e80000001680018546142,CANTABIL¬†,Men Regular Mid Rise Blue Jeans,"‚Çπ1,799",0.0,0,0,,Flipkart,https://rukminim1.flixcart.com/image/832/832/xif0q/jean/b/6/m/34-mdnm00242-cantabil-original-imagkfyyzsyygh5g.jpeg?q=70,0.0,0.0
31,https://www.amazon.in/Peter-England-Mens-Jeans-PJDNPSTBE70489_Black/dp/B0BQNC5T58/ref=zg_bs_1968076031_sccl_32/258-1229559-2740407?psc=1,Peter England,Men Jeans,"‚Çπ1,049",0.0,0,0,,Amazon,https://m.media-amazon.com/images/I/51XDcFVNACL._UY550_.jpg,0.0,0.0
