URL,BRAND,NAME,PRICE,STARS,NUMBER OF RATINGS,NUMBER OF REVIEWS,LIST OF REVIEWS,PLATFORM,IMAGE
https://www.amazon.in/ARIEL-Cotton-Fleece-Clothing-girls/dp/B0BF5R4Z9Q/ref=zg_bs_1967893031_sccl_1/258-1229559-2740407?psc=1,ARIEL,Cotton Clothing Sets for Baby Boys & girls - Unisex Clothing sets Full Sleeve T-shirt & Pant,‚Çπ349,4.1,331,46,"['Good', 'Liked the quality and print', 'Product fabric is good, value for money', 'Good', 'Price shoulb be some less', 'Jaisi imege hai waisa hi product hai... good üòä', 'Quality is good bt pant is loose', 'Nice product', 'Nice product. Quality of fabric is good, no discomfort for the baby at all.']",Amazon,https://m.media-amazon.com/images/I/81tW-FphDdL._UX522_.jpg
https://www.amazon.in/Bold-Elegant-Wednesday-Elephant-Full-Length/dp/B085T8CJ7T/ref=zg_bs_1967893031_sccl_2/258-1229559-2740407?psc=1,Bold N Elegant - Be Bold Inside & Elegant Outside,Baby's Cotton Tshirt Pant Set,‚Çπ639,4.2,4754,277,"['Good one at this price', 'Very good', 'Nice', 'Good', 'Cloth was very soft and comfortable for kids. Overall good dress', '', 'I like the quality of material. Worth buying in this price', 'Length of pant is small. :(', 'My daughter is yr old she just love it n material is damn superb']",Amazon,https://m.media-amazon.com/images/I/51nUfiMuCLL._UX569_.jpg
https://www.amazon.in/Wnee-Bear-Cotton-Overall-Colour/dp/B07KX271S2/ref=zg_bs_1967893031_sccl_3/258-1229559-2740407?psc=1,Hopscotch,Boys Cotton All-Over Print T-Shirt with Jacket & Pant Set in Green Color,‚Çπ829,4.0,3171,268,"['Jacket size is larger than usual\nHowever love the tee & printed jacket\nSuper cool', ""I was purchased it for son for his 2nd b'day theme, it's really awesome and fit perfectly even the matrial of this product also good.\nI just loving it......\nGo for it guys...."", 'Nice one', 'Value for money', 'Not so good as shown in picture.', 'Not like pic', '', 'Nice product.', 'Looks good but coat material is not worth for the amount', 'Normal cloth']",Amazon,https://m.media-amazon.com/images/I/61eU-2gSbgL._UX522_.jpg
https://www.amazon.in/Si-Noir-Hopscotch-Cotton-Blazer/dp/B07NMTLP7Y/ref=zg_bs_1967893031_sccl_4/258-1229559-2740407?psc=1,Hopscotch,Boy's Cotton Blend Formal Set,‚Çπ649,4.1,9258,1108,"['It is so cute dress for the baby.quality of product is too nice. Just love it', 'Nice...but so small..I will return the dress.', 'Soft and perfect fit', 'Best one', 'Like', 'Good quality, go for it', 'good', ""It's luking like fr 6 to 12 months baby wear"", 'It is not worth for the money.. Very bad quality material... Imperfect finishing as threads are comming out..fading colour..', 'Quality is very good compared to price..thank you amazon i ordered it for my son birthday']",Amazon,https://m.media-amazon.com/images/I/511wuGpCVjL._UX522_.jpg
https://www.amazon.in/Googo-Gaaga-Trending-Sleeves-T-Shirt/dp/B07YHM7MP6/ref=zg_bs_1967893031_sccl_5/258-1229559-2740407?psc=1,Googo Gaaga,Boy's Cotton Blazer Attached T-Shirt with Pant Set in Green Color,‚Çπ597,3.5,767,78,"['good quality product', 'I Love it and my son also loves it...', 'Good quality products.', 'We ordered this dress for my son‚Äôs birthday. The inner shirt is not that good. The Pant is useless. The pant fitting is awkward and doesn‚Äôt suit with the green coat. The pant cloth is of banian cloth. Could have been better if they give jeans cloth.', 'Cloth material not like other product of Google gaaga', 'T-shirt was small around the neck than expected and needed to get re-worked from a local tailor.', 'Ok', 'There was no pricetag with the product when delivered to my home.', 'Not good', 'Product quality is very cheap. Received a diffrent colour product. And Amazon is denied for refund and tell that sellere is sending original product. I send the real product which I have received and amazone is fail it in verification. Because product colour is little bit different from the colour which is shown in image.']",Amazon,https://m.media-amazon.com/images/I/41mCak1OFiL.jpg
https://www.amazon.in/Googogaaga-Cotton-Printed-T-Shirt-Shorts/dp/B096FWDWL9/ref=zg_bs_1967893031_sccl_6/258-1229559-2740407?psc=1,Googo Gaaga,Boy's Cotton T-Shirt With Shorts,‚Çπ499,3.8,300,31,"['Good', 'Good quality', 'I like this dress... Go for it', 'Good', 'Product was okay because t-shirt was similar but half pant was not similar which see in pics,it was totally different.', 'Nice product', 'Average', 'The texture is nice and quality is also good.', 'Received used and broken short...third class quality...', 'Just wow']",Amazon,https://m.media-amazon.com/images/I/41UFWUHAMYS.jpg
https://www.amazon.in/Googo-Gaaga-Sleeves-Sweatshirt-Clothing/dp/B081X5KP55/ref=zg_bs_1967893031_sccl_7/258-1229559-2740407?psc=1,Googo Gaaga,Boys Cotton Track Suit,‚Çπ593,3.9,631,54,"['Nice clothes quality is good', 'Good but not received as show in image', 'Best quality , Nice fabroc and fits well.', 'The product look really good on my son . Just as expected.', 'Good', 'Overall fabric quality is good and it looks great on my my kid üôÇ', 'Same as shown', 'My son like too much', 'Fabric quality is not good. Actual product is different from Amazon platform.']",Amazon,https://m.media-amazon.com/images/I/31zTx4VIh8L.jpg
https://www.amazon.in/Clothe-Funn-Coordinate-Tshirt-Pyjama/dp/B08VW26MW8/ref=zg_bs_1967893031_sccl_8/258-1229559-2740407?psc=1,Clothe Funn,"Boys Coordinate Set, Tshirt Pyjama Set, Tshirt Shorts Set, Boys Set",‚Çπ550,4.3,624,44,"['value for money..', 'Soft n comfortable material...', 'It is not pure cotton.', 'Size is small, you should order a larger size.\n\nMy son is tall for his age. He will be 12 in a few months. and I bought a size for 13-14 years. This fit well. So buy a bigger size if your son is taller or bigger than the average child of his age.', 'It looks so nice . It is same as shown in picture. Fully recommended. Thank you', 'I purchased multiple times from this brand and the quality is good and at reasonable price.', 'Value for money', 'Fitting is good and stuff if cotton, Good Quality at nice price, I brought both set of 3 and single set and quality is same‚Ä¶ better to pick 3 at 999 rather than 1 at 599.', 'Fitting is perfect', 'I think for the first time in my online purchase of cloths I got everything perfect in one brand. Fabric, size, colour and colour combinations everything is superb.']",Amazon,https://m.media-amazon.com/images/I/51v1snNH5mL._UX522_.jpg
https://www.amazon.in/Hopscotch-Polyester-Sleeves-Dungaree-Yah-3064175/dp/B08FBJP35K/ref=zg_bs_1967893031_sccl_9/258-1229559-2740407?psc=1,Hopscotch,"Boys Cotton,Polyester Half Sleeves Printed T-Shirt with Dungaree Set in Blue Color",‚Çπ629,4.0,275,15,"['Good quality', 'We loved the design so ordered this one. The dress and Color look just as shown in pic. But the belt is falling off again n again as there is no proper fixture. My son keeps removing it which makes the dress even more loose.', 'Good to gift near & dear ones. The baby is comfortable & good material. Value for money. Thank you', 'Nice products', 'Product quality is good enough but the packaging was worst. It was kept in a simple polythin bag.', 'You can go for it', 'Size smaller and look not as shown in photo.', 'Very good clothes, thanks', 'Cloth quality is not that soft']",Amazon,https://m.media-amazon.com/images/I/61uKuBfM5dL._UX522_.jpg
https://www.amazon.in/Sweatshirt-Hosiery-Cotton-Printed-Sleeves/dp/B0BMQHH2BS/ref=zg_bs_1967893031_sccl_11/258-1229559-2740407?psc=1,Generic,"tshirt Pant Set For Boys | Kids Hosiery Cotton Printed Dress | Full Sleeves Dress For Kids, Boys",‚Çπ449,2.6,40,8,"['Ok not bad', ""What I saw in the picture it's not like that, difference is there but clothes are goodüëç"", 'Very poor quality, i received different product, different design,', 'Good Product', 'Product quality is very poor.', 'Duplicate product', 'Not satisfied this product', 'Very thin cloth']",Amazon,https://m.media-amazon.com/images/I/51S8RhfDsHL._UY550_.jpg
https://www.amazon.in/Googogaaga-Cotton-Detailed-Sleeves-Sweatshirt/dp/B09VDPBKGT/ref=zg_bs_1967893031_sccl_12/258-1229559-2740407?psc=1,Googo Gaaga,Boys Cotton Track Suit,‚Çπ799,4.1,108,17,"[""It's value for money...."", 'Material quality should have been better compared to price', 'So good üëç üëè üëå üôå', 'Best quality cloth, and print is good my child liked it very much', 'Nice shoping', 'Colour & combination most like‚Ä¶.!!!', 'In one wash only the colour got faded', 'Take one size bigger than actual size', 'Perfect fitting & nice dress quality. Go for it.. Am sure your little champ will look more handsome in thisüëç', 'Value for money, the fit and finish is Fantastic.']",Amazon,https://m.media-amazon.com/images/I/518Xd9hgamL._UX522_.jpg
https://www.amazon.in/Pohar-Creation-Ethnic-dress-RRR02/dp/B0B8TFHV78/ref=zg_bs_1967893031_sccl_13/258-1229559-2740407?psc=1,Pohar Creation,Boys Ethnic wear Boys dress Set RRR02,‚Çπ945,3.7,39,7,"['Value for money', 'Fabulous product. But size is smaller than what we order for age group. But dress is fantastic . order 1 size above', 'To large.', 'Good product', 'Same as described with good quality', 'Good. But cap for one dress not received.', 'The dress received was with very poor quality product']",Amazon,https://m.media-amazon.com/images/I/61j1E8ilmQL._UY550_.jpg
https://www.amazon.in/SUPERKID-Kids-Printed-Sleeve-t-shirt/dp/B0BW9CHQM5/ref=zg_bs_1967893031_sccl_14/258-1229559-2740407?psc=1,SUPERKID,Kids Printed Full Sleeve t-shirt and Pant set,‚Çπ299,0.0,0,0,[],Amazon,https://m.media-amazon.com/images/I/41-GgkXUzWL._UY445_.jpg
https://www.amazon.in/KYDA-KIDS-Cotton-Clothing-Tshirt/dp/B09YMJKJ1K/ref=zg_bs_1967893031_sccl_15/258-1229559-2740407?psc=1,KYDA KIDS,100% Cotton Boys Clothing Set Tshirt & Shorts - Half Sleeve Tshirt & Half Pant for- Boys,‚Çπ349,3.9,35,2,"['100/cotton product nice quality', 'The quality of the product was very good']",Amazon,https://m.media-amazon.com/images/I/81QxLphrxpL._UX466_.jpg
https://www.amazon.in/Clothe-Funn-Sleeveless-Coordinate-T-Shirt/dp/B094YGCZ4X/ref=zg_bs_1967893031_sccl_16/258-1229559-2740407?psc=1,Clothe Funn,"Boys Cotton Sleeveless Coordinate Set, T-Shirt and Shorts Set",‚Çπ550,4.0,247,10,"['Fit as expected. However color faded after first wash', 'Very nice', 'Superb dress', 'Quality of the product. Colour and shine faded after one wash', 'Nice', 'Very good product', ""material quality is very bad we can't accept it. after two days the dress totally got damaged"", 'This product is not as shown in picture , very low quality product which is I think maybe 300 rs cost but they charged me 500 , very bad.totally disappointed', 'Waste', 'Very good']",Amazon,https://m.media-amazon.com/images/I/51v+1ab0CxS._UX522_.jpg
https://www.amazon.in/Hopscotch-Cotton-Stylish-T-Shirt-JUU-2023211/dp/B096QQLSPW/ref=zg_bs_1967893031_sccl_17/258-1229559-2740407?psc=1,Hopscotch,Boys Cotton and Polyester Graphic Print Top and Pant Set in Orange Colour,‚Çπ699,3.9,739,45,"['Perfect size and colour', 'Fits well!', 'Quality is ok...\nNot brand quality..', 'The material quality is really good', 'Just value for money', 'Poor quality. But fit for my son', 'Awesome', '', 'Quality is not up to the mark', 'Thought there weren‚Äôt great reviews, I ordered the product with the trust I had on hopscotch. I had to return it bcoz of the quality of the cloth. Looks like it‚Äôs copy of hopscotch and not hopscotch.']",Amazon,https://m.media-amazon.com/images/I/41n2umlOslL._UX522_.jpg
https://www.amazon.in/Si-Noir-Cotton-Blazer-Style/dp/B07G38KFXZ/ref=zg_bs_1967893031_sccl_18/258-1229559-2740407?psc=1,Hopscotch,Boys Gray Graphic Print Top and Pant Set,‚Çπ639,4.1,6384,711,"['Like', 'Comfort for my 11month boy, good qualityüëå', 'Product is awesome üëç', 'Its of good quality soft material, would recommend for others.', '‡∞∏‡±à‡∞ú‡±ç ‡∞Æ‡∞∞‡∞ø‡∞Ø‡±Å ‡∞ï‡∞≤‡∞∞‡±ç ‡∞¨‡∞æ‡∞ó‡∞æ‡∞≤‡±á‡∞¶‡±Å', 'Cloth is okay', 'Quality good', 'Moderate and good looking.', 'Very nice dress... Same as shown....']",Amazon,https://m.media-amazon.com/images/I/51-ISImNTEL._UX522_.jpg
https://www.amazon.in/Shaishav-Wears-Cotton-T-Shirt-Shorts/dp/B07F5HR7VB/ref=zg_bs_1967893031_sccl_19/258-1229559-2740407?psc=1,shaishav wears,Cotton Baby Boy's T-Shirt and Shorts Set (Yellow 06 Months - 5year),‚Çπ709,4.1,915,115,"['Product is good but color booked was wine color but delivered color is violet', 'The product is very good, the cloth quality is also nice and soft. But the sticker on the purple T-shirt makes it look a little faded and old.', ""When I bought this I was a bit skeptical about the bright yellow colour bleeding. It didn't. My lo has been wearing it for more than a month now and it still looks new. Even after at least 2 washes per week. The lower is super soft and comfortable enough to let my baby wear it on top of her diaper."", 'Product is in different color.', 'Little expensive as per the quality', 'Average product quantity.', 'Cool', 'Good', 'The dress quality is good', 'Good quality']",Amazon,https://m.media-amazon.com/images/I/71FbHqPuSfL._UX679_.jpg
https://www.amazon.in/HRR-Cotton-Sleeve-T-Shirt-Clothing/dp/B09B66L559/ref=zg_bs_1967893031_sccl_20/258-1229559-2740407?psc=1,HRR,Cotton Soft Round Neck Half Sleeve T-Shirt with 3/4th Jeans Pant Clothing Set for Kids,‚Çπ498,4.0,164,10,"['Very good', 'Nice dress, Good Quality', 'Quality thik h Ru pay ke hisab se', 'Wow üëè üëå üòç superb product very nice., thanks for Amazon', 'Good product against price.', 'Average', ""My nephew like this, i don't like a boy photo printed on this, otherwise everything is good"", 'Awesome üëå', 'Very nice', 'Worth for that amount']",Amazon,https://m.media-amazon.com/images/I/719R9K+EShL._UY550_.jpg
https://www.amazon.in/Googogaaga-Printed-Tie-Die-T-shirt-Clothing/dp/B0B3VXDMX8/ref=zg_bs_1967893031_sccl_21/258-1229559-2740407?psc=1,Googo Gaaga,oy's Cotton Printed Tie-Die T-shirt with Shorts Clothing Set,‚Çπ499,0.0,0,0,[],Amazon,https://m.media-amazon.com/images/I/71O4lsox7SL._UY550_.jpg
https://www.amazon.in/GigglePlum-Girls-Cotton-Blazer-GP-CS-001-Red-0045/dp/B08ZHYHDX7/ref=zg_bs_1967893031_sccl_22/258-1229559-2740407?psc=1,GigglePlum,"Baby Boys and Girls Cotton Blazer Style Shirt and Pant Set for Newborn, Infants, Toddlers and Child For Party, Events, and Gifting",‚Çπ649,3.9,2219,164,"['Good', 'Nice suit... Loved it..', 'üëå', 'Not good normal quality', 'Very nice good softness', 'It runs extremely small....if your son is 1 year old..then purchase 4 year dress...what measurements this company has....I also exchange 1 to 2 years old dress to 3 to 4 years dress.', 'Overall good', 'Happy with the fitting n fabric‚Ä¶ looks good n also comfortable as it has attached jacket üòä', ""I bought this product for my 3+ yrs old son's birthday but its not that quality item for patry/ celebration. White shirt quality is poor looks rough & blue jacket is attached that is avarage material. Overall OK product. always go for 2 plus size from your child age. This perfect fit for my son but can't be use further after a year or so.."", 'Value of money']",Amazon,https://m.media-amazon.com/images/I/81wWH9blMSL._UX522_.jpg
https://www.amazon.in/Clothing-Bottom-Tshirs-Shorts-Children/dp/B0BVFXWGS2/ref=zg_bs_1967893031_sccl_23/258-1229559-2740407?psc=1,Generic,"Boys & Girls Kids Clothing Set Pack Of 1,Boys & Girls Top & Bottom Set,Baby Boys Tshirs & Shorts Set, Boy's ke kapde, kid's Clothing Set, Children Clothing Wear, kid's Wear",‚Çπ299,0.0,0,0,[],Amazon,https://m.media-amazon.com/images/I/315O+IPZfWL._UX385_.jpg
https://www.amazon.in/Zolario-Clothing-Wedding-Birthday-Party/dp/B08RNZ4F93/ref=zg_bs_1967893031_sccl_24/258-1229559-2740407?psc=1,Zolario,"Boys Clothing Set 3 Piece Dress for Boys, Set of Coat, Pant & Shirt, Ideal for Wedding and Birthday.",‚Çπ945,3.8,1000,65,"['I have purchased for my son. Cloth Quality is good. Worth buying value for money.', 'Good quality', 'Your product is good', 'It is not so good not so bad... Fitting issue even after size is changed', ""Didn't like material"", '‡§™‡§∏‡§Ç‡§¶ ‡§π‡•à ‡§™‡§∞ ‡§õ‡•ã‡§ü‡§æ ‡§π‡•à', 'Good üëç', 'Colour and product quality43', 'Good item', 'Grand son']",Amazon,https://m.media-amazon.com/images/I/61Bs8dETthL._UX522_.jpg
https://www.amazon.in/Hopscotch-Cotton-Spandex-Sleeve-SN-3352963/dp/B08VS3XHDN/ref=zg_bs_1967893031_sccl_25/258-1229559-2740407?psc=1,Hopscotch,"Si Noir Boys Cotton, Spandex Solid The Sleeve Shirt and Pant Set in Navy Color",‚Çπ719,3.9,1037,57,"[""It's fabric is good, it fits properly and comfortably, no dullness in colour befor and after wash....\nReally liked the product..."", ""It's comfortable and all good"", 'Stuff quality is smooth and sophisticated, my son loved it.! Good for oct-nov weather in North India..!', ""It's nyc product but quality of product seems ok not very good. But overall it is good one"", 'I bought it for my nephew', 'Quality of pant is poor and feel like it is used and fade', ""It's good"", 'Size runs small', 'Soft material. But color is bit dull so it looks old.']",Amazon,https://m.media-amazon.com/images/I/51AOlZ0ZA+L._UX522_.jpg
https://www.amazon.in/Bold-Elegant-Outside-Penguin-Waistcoat/dp/B08BG5QZ3G/ref=zg_bs_1967893031_sccl_26/258-1229559-2740407?psc=1,Bold N Elegant - Be Bold Inside & Elegant Outside,irt with Plaid Waistcoat Bowtie and Pant 3 pc Clothing Set for Toddler Boys,‚Çπ839,3.8,392,28,"['Fabric is very soft and comfortable for kids . Size is perfect for my boy', 'Good one worth the price', 'I liked it but size issue', 'The dress dose not have a button on its hand.so hand fitting is problem. N I received it without the bow.as i like the dress I didn‚Äôt return it.so it‚Äôs ok..', 'Clothe and color as expected... After wash also clothes were good...', 'Quality is good but go one size smaller.', 'Perfect', 'Product is little bit large as per the age criteria which I was selected secondly while I wash the cloth it got sinked and color fade.Not very satisfied with the product.Anyways thanks!!', 'The shirt needed a mild alteration. Pant fitted perfectly.', 'Bad quality']",Amazon,https://m.media-amazon.com/images/I/41p8UlsDbVL.jpg
https://www.amazon.in/Zolario-Clothing-Western-Birthday-Festivals/dp/B08ZM6LF2W/ref=zg_bs_1967893031_sccl_27/258-1229559-2740407?psc=1,Zolario,"Clothing Set, Indo Western Dress for Kids Boys, Jacket and Pant Set, Ideal for Wedding, Birthday and Party.",‚Çπ949,3.8,275,23,"['Cloth quality is good.... colour is vibrant....size is little bit large', 'Looks good but pant hip is little tight and price also little high.', 'Product was very nice but only one problem ..i recieved this suit with broken bronze ...', 'Quality is nt good', 'Good product', ""Product fabric is very thin and cheap looking not recommended. I was raised the return request immediately and pickup execcutive ask me for price tag even seller don't provide any price tag with the product than i talk with customer care and request to remove the price tag option than pickup was done, it takes almost 10 days time i am really frustrate to buy this useless product, really bad services from seller."", 'Nice dress...but the broach was broken!!', 'This product is excellent up to the mark', 'Colour found different. Show button found damage.', 'Defective product. Pant hook broken.']",Amazon,https://m.media-amazon.com/images/I/61N70uYi--L._UX522_.jpg
https://www.amazon.in/Googogaaga-Cotton-Printed-T-shirt-Shorts/dp/B0B7K4433R/ref=zg_bs_1967893031_sccl_28/258-1229559-2740407?psc=1,Googo Gaaga,oy's Cotton Printed Tie & Die T-shirt With Shorts in Blue Color Set for Boys,‚Çπ599,0.0,0,0,[],Amazon,https://m.media-amazon.com/images/I/61Oz+kn6GxL._UX522_.jpg
https://www.amazon.in/Crazyon-Cotton-Round-Shorts-Multicolour/dp/B08L4KQH64/ref=zg_bs_1967893031_sccl_29/258-1229559-2740407?psc=1,CRAZYON,Boys Roundneck t Shirt Shorts 3/4 Set Dress Combo Pack of 5,"‚Çπ1,050",3.9,1633,138,"['Great', 'Product ok', 'Dislike', 'Like the color and quality . Fit nicely. Thank you', 'Dimensions of t shirts are not same as shown in figure. A little bit small for 2 year child. But the trousers are ok. The colour of printed images have faded in first wash. Happy for getting same coloured pairs as shown in figure. Quality of material is ok.', ""It's good"", 'Good', 'Nice product and fit as expected', 'Not bad', 'The colours are attractive and material is pure cotton. Can be used for housewear. Second stitch may be required. Gives away easily.']",Amazon,https://m.media-amazon.com/images/I/81YFfgh9FKS._UY550_.jpg
https://www.amazon.in/Bold-Elegant-Cartoon-T-shirt-Clothing/dp/B0BJLCYZRF/ref=zg_bs_1967893031_sccl_30/258-1229559-2740407?psc=1,Bold N Elegant,Disney Mickey Mouse Cartoon Print Kids Full Sleeve T-shirt & Jogger Pajama Pant Clothing Set for Boys & Girls,‚Çπ649,4.0,12,2,"['Worth the money.', 'Good']",Amazon,https://m.media-amazon.com/images/I/51A8zX2a8cL._UX522_.jpg
https://www.amazon.in/MINITATU-Navy-Green-Sleeves-T-Shirt-Pajamas/dp/B0922VB4GF/ref=zg_bs_1967893031_sccl_31/258-1229559-2740407?psc=1,MINITATU,Blue.White Half Sleeves Unisex Baby T-Shirt & Pajamas Set Pack of 2,‚Çπ348,3.8,1676,114,"['Quality is not good. Colour coming out in 1st wash', 'Amazing\nVery good quality\ngood', 'Though product seems good, but they are very careless on its packaging. They just pasted the invoice on the plastic of the clothes, luckily it reached to me safely, but it will not happen all time .', 'Just ok....', 'The material is thin and prints got faded after 3-4washes.', 'Good product', 'Nice product as a night suit. Comfortable at affordable price.', 'This dress is very awesome is fabric is good nice and so pretty very very nice product', 'Pros\nMaterial is soft and fits well\n\nCons\nI recommended to take a size bigger for the child than mentioned size of the product', ""It's slightly thin.. Other then that good""]",Amazon,https://m.media-amazon.com/images/I/81v6XLSCWkL._UY550_.jpg
https://www.amazon.in/Attis-Girls-Cotton-T-shirt-Clothing/dp/B0823KCTJT/ref=zg_bs_1967893031_sccl_32/258-1229559-2740407?psc=1,Attis,Boys And Girls Cotton Stylish Tshirt & Pant Kids Clothing Set,‚Çπ299,3.7,517,32,"['Awesome product', 'Small size', ""Head gap was small and couldn't use it"", 'Bhaut hi acha h m kush hu Phili bar kush huaa hu Amazon k order sy nhi to 2 bar frod huaa h mare sath', 'Awesome', 'In this price good clothes', 'Nice', 'Actual Color is not matching with color as shown in photograph. Is is red shade and not wine red', 'quality is not good waste of money']",Amazon,https://m.media-amazon.com/images/I/41WHd0rDBNS.jpg
https://www.amazon.in/Googogaaga-Cotton-Printed-T-Shirt-Shorts/dp/B092MY95K9/ref=zg_bs_1967893031_sccl_33/258-1229559-2740407?psc=1,Googo Gaaga,oy's Cotton Printed T-Shirt with Shorts in Blue Color,‚Çπ545,3.8,96,2,"['On time delivery, Fit perfectly, Material is very lightly weighted and soft, This cute printed set looks adorable on my baby. Thank you Amazon üòä', 'This combination is so beautiful. It looks adorable on my nephew. A perfect gift I could have given him on his birthday.']",Amazon,https://m.media-amazon.com/images/I/51vWFhxV0bL._UX522_.jpg
https://www.amazon.in/Zolario-Clothing-Piece-Wedding-Birthday/dp/B09QH1XBQL/ref=zg_bs_1967893031_sccl_34/258-1229559-2740407?psc=1,Zolario,"Boys Clothing Set 3 Piece Dress for Boys, Set of Coat, Pant & Shirt, Ideal for Wedding and Birthday.",‚Çπ806,3.9,168,16,"['Pant ki silai khuli hui thi. Fir bhi rakh liya. Dress bahat achcha hai.', 'Good', ""Nice product but can't use for regular use. Can't wear in hot surface"", ""It's nice dress design"", 'My grand son', 'Very nice coat .Cloth material is very good and the dress is shiny', 'Size is very long', 'Good quality material', 'Thank you', ""Return not picke up due to person didn't contact me even write as price tag missing.""]",Amazon,https://m.media-amazon.com/images/I/81Zk7PlARnL._UX522_.jpg
https://www.amazon.in/SATPURUSH-Cotton-Blazer-Waistcoat-Gifting/dp/B0BGDRBM3R/ref=zg_bs_1967893031_sccl_35/258-1229559-2740407?psc=1,SATPURUSH,Boys Cotton Blazer Style Formal Shirt and Pant Set with Bow Tie (pack of 1),‚Çπ499,0.0,0,0,[],Amazon,https://m.media-amazon.com/images/I/41gqwV2g5KL.jpg
https://www.amazon.in/Patche-Winterwear-Casual-Bottom-Maroon/dp/B09N9ML7QN/ref=zg_bs_1967893031_sccl_36/258-1229559-2740407?psc=1,Patche,Kids Combo Set For Boy And Girls Winterwear And Casual Top And Bottom/Track Pant,‚Çπ449,0.0,0,0,[],Amazon,https://m.media-amazon.com/images/I/31SEdFKra0L._UX385_.jpg
https://www.amazon.in/Little-Hardy-Cotton-Piece-Mustard/dp/B09GKRHR9J/ref=zg_bs_1967893031_sccl_37/258-1229559-2740407?psc=1,Little Hardy,Boy Regular Fit Open front Suit,"‚Çπ1,698",4.3,75,5,"['Play Video', 'Perfect for any occasions', 'Good product as mentioned', 'normal dress its very formal not worthable for functions quality is very good...if anyone need formal dress go for it.', 'Very good üëç']",Amazon,https://m.media-amazon.com/images/I/61ZVFMKTNxL._UX385_.jpg
https://www.amazon.in/Chandrika-Police-Military-Costume-Dress/dp/B08MLDKTSJ/ref=zg_bs_1967893031_sccl_38/258-1229559-2740407?psc=1,Chandrika,Kids Army Costume Dress For Boys,‚Çπ430,0.0,0,0,[],Amazon,https://m.media-amazon.com/images/I/71QfotjL9jL._UY550_.jpg
https://www.amazon.in/CATCUB-Cotton-Printed-Clothing-Orange/dp/B082ZJZJ7M/ref=zg_bs_1967893031_sccl_39/258-1229559-2740407?psc=1,CATCUB,Kids Cotton Printed Clothing Set,‚Çπ398,4.0,916,66,"['Good Product. You can go for it. Got it under 400 . Cloth material is good . Good for in early winter..', 'Not good quality and size is very small.', 'Product quality is very Good.', 'This product stiching poor', 'Good for kids', ""Nice color same as image.. aa it's unisex collor is little wide for boys it looks lose but for girls it looks good"", 'Soft material. Pants length short', 'The product is bright. Fabric is soft and durable.', 'Liked the product very much', 'Like']",Amazon,https://m.media-amazon.com/images/I/819aD3j5V1L._UX522_.jpg
https://www.amazon.in/Pohar-Creation-Ethnic-Dress-RRR01/dp/B0B8T5V3RJ/ref=zg_bs_1967893031_sccl_40/258-1229559-2740407?psc=1,Pohar Creation,Boys Ethnic Wear Dress Set RRR01,‚Çπ999,3.4,42,10,"['Dress is good but the stiching is bad. Also the cost is huge for this. 800/- is too much for this.', 'Good as expected. I ordered one size bigger.', 'Shirt was faded at some places...and the suspenders is not provided', 'Super üëå', '', 'Not fit and return not picked up', 'Very poor quality\nAlready product returned\nStill not received amount', 'plain\nThis is check This is bad quality', ""Liked the design but not worth for 800 rupees. Low quality material. It is not pink colour,it's like sandal colour. If u want to buy for 7year old, then buy for 8-9 years. Size is small."", 'Looking good.But quality not good.Not worthy for money .not recommended this product for this price.Mentioned cotton mix bit it is silk']",Amazon,https://m.media-amazon.com/images/I/61ba-dtxEqL._UY550_.jpg
http://flipkart.com/xstreamekids-baby-boys-casual-pyjama/p/itmc4f4dfe73cb7e?pid=KPBGNUQ5PMFV48JZ&lid=LSTKPBGNUQ5PMFV48JZCRXYYM&marketplace=FLIPKART&store=clo%2Feof%2F1bp&srno=b_1_1&otracker=browse&fm=organic&iid=en_SzLilG6ZAlG%2BeWI18k4QLUIxz%2BHrrvvNjctb9z%2FXFshAXhdhjh%2FyEXkYBPo0iEonE44BG4H38tlsr4DJnWtz1g%3D%3D&ppt=None&ppn=None&ssid=q5lb9zyyv40000001680019413039,xstreameKids¬†,Baby Boys Casual Pyjama Pyjama¬†¬†(Green),‚Çπ499,0.0,0,0,[],Flipkart,https://rukminim1.flixcart.com/image/832/832/xif0q/kids-apparel-combo/y/l/0/12-18-months-06-xstreamekids-original-imagnuq5zpycgj2a.jpeg?q=70
http://flipkart.com/v-mart-baby-boys-casual-t-shirt-pyjama/p/itm5cb6fd28ae800?pid=KPBGMNF43KZEZC2N&lid=LSTKPBGMNF43KZEZC2N90E0VR&marketplace=FLIPKART&store=clo%2Feof%2F1bp&srno=b_1_2&otracker=browse&fm=organic&iid=en_SzLilG6ZAlG%2BeWI18k4QLUIxz%2BHrrvvNjctb9z%2FXFsj9kMbaANNd9Q2tCpb%2FUjKtKab0zAFADdJp2rGeMK3Kug%3D%3D&ppt=None&ppn=None&ssid=q5lb9zyyv40000001680019413039,V-MART¬†,Baby Boys Casual T-shirt Pyjama¬†¬†(Dark Blue),‚Çπ249,5.0,3,0,[],Flipkart,https://rukminim1.flixcart.com/image/832/832/xif0q/kids-apparel-combo/q/v/m/18-24-months-594086-v-mart-original-imagmnfykc9wryhg.jpeg?q=70
http://flipkart.com/new-gen-baby-boys-casual-t-shirt-shorts/p/itm4044aa39d8d7f?pid=KPBGFQDVNEVSGRNM&lid=LSTKPBGFQDVNEVSGRNM7D73QP&marketplace=FLIPKART&store=clo%2Feof%2F1bp&srno=b_1_3&otracker=browse&fm=organic&iid=e663202b-ec6a-40e2-b2fa-cdc15eb512c2.KPBGFQDVNEVSGRNM.SEARCH&ppt=None&ppn=None&ssid=q5lb9zyyv40000001680019413039,new gen¬†,Baby Boys Casual T-shirt Shorts¬†¬†(Yellow),‚Çπ168,3.9,2855,246,"['It looks amazing', ""Super nice quality it's really amazing highly recommended clothing"", 'Amazing baby boy dress.you can buy']",Flipkart,https://rukminim1.flixcart.com/image/832/832/xif0q/kids-apparel-combo/s/z/j/2-3-years-baby-wear-1-2-yellow-blue-new-gen-original-imagh7zuns7yhpxp.jpeg?q=70
http://flipkart.com/new-gen-baby-boys-casual-t-shirt-shorts/p/itm13a646934e030?pid=KPBGFQDV6PEAJF3A&lid=LSTKPBGFQDV6PEAJF3AFXONRK&marketplace=FLIPKART&store=clo%2Feof%2F1bp&srno=b_1_4&otracker=browse&fm=organic&iid=e663202b-ec6a-40e2-b2fa-cdc15eb512c2.KPBGFQDV6PEAJF3A.SEARCH&ppt=None&ppn=None&ssid=q5lb9zyyv40000001680019413039,new gen¬†,Baby Boys Casual T-shirt Shorts¬†¬†(White),‚Çπ165,3.9,2855,246,"['It looks amazing', ""Super nice quality it's really amazing highly recommended clothing"", 'Amazing baby boy dress.you can buy']",Flipkart,https://rukminim1.flixcart.com/image/832/832/kmxsakw0/kids-apparel-combo/m/3/z/2-3-years-gen-baby-wear-0-1-years-white-new-gen-original-imagfqduat9wexga.jpeg?q=70
http://flipkart.com/babygo-baby-boys-casual-t-shirt-shorts/p/itmcb9d53158bbb6?pid=KPBGYEGRV2C7FZQV&lid=LSTKPBGYEGRV2C7FZQVJM9JG5&marketplace=FLIPKART&store=clo%2Feof%2F1bp&srno=b_1_5&otracker=browse&fm=organic&iid=e663202b-ec6a-40e2-b2fa-cdc15eb512c2.KPBGYEGRV2C7FZQV.SEARCH&ppt=None&ppn=None&ssid=q5lb9zyyv40000001680019413039,BabyGo¬†,Baby Boys Casual T-shirt Shorts¬†¬†(Light Blue),‚Çπ449,4.4,667,67,"['Bought it for my nephew and we love it', 'Nice üëç', 'Exlent...Value for money']",Flipkart,https://rukminim1.flixcart.com/image/832/832/kl8ccy80/kids-apparel-combo/q/u/b/12-18-months-gobs20-2414-sky-babygo-original-imagyegrqhznctgm.jpeg?q=70
http://flipkart.com/tiny-biny-baby-boys-casual-t-shirt-shorts/p/itm0122b33887833?pid=KPBGJ3QBNQGMGU7T&lid=LSTKPBGJ3QBNQGMGU7TAUMR8W&marketplace=FLIPKART&store=clo%2Feof%2F1bp&srno=b_1_7&otracker=browse&fm=organic&iid=e663202b-ec6a-40e2-b2fa-cdc15eb512c2.KPBGJ3QBNQGMGU7T.SEARCH&ppt=None&ppn=None&ssid=q5lb9zyyv40000001680019413039,TINY BINY¬†,Baby Boys Casual T-shirt Shorts¬†¬†(Dark Green),‚Çπ239,4.2,17,1,['Excellent..... product üëåüëåüëåand the delivery boy is also good.nature person'],Flipkart,https://rukminim1.flixcart.com/image/832/832/xif0q/kids-apparel-combo/x/p/q/6-12-months-tb112ol-olive-tiny-biny-original-imagj3qbayr5tv9d.jpeg?q=70
http://flipkart.com/nautinati-baby-boys-casual-sweatshirt-sweatpant/p/itmef4e1e2ca0b23?pid=KPBG7U65ZYHAVFCS&lid=LSTKPBG7U65ZYHAVFCSAIFROI&marketplace=FLIPKART&store=clo%2Feof%2F1bp&srno=b_1_8&otracker=browse&fm=organic&iid=en_SzLilG6ZAlG%2BeWI18k4QLUIxz%2BHrrvvNjctb9z%2FXFsif%2B%2FThhul7Fs09VieRI20%2BHsdDwFTFr3n6jRu8mNUQhw%3D%3D&ppt=None&ppn=None&ssid=q5lb9zyyv40000001680019413039,NautiNati¬†,Baby Boys Casual Sweatshirt Sweatpant¬†¬†(Red),‚Çπ652,0.0,0,0,[],Flipkart,https://rukminim1.flixcart.com/image/832/832/kusph8w0/kids-apparel-combo/c/9/z/12-18-months-nn302-rp1012-nautinati-original-imag7u5ze5suw7pg.jpeg?q=70
http://flipkart.com/skyheaven-baby-boys-casual-t-shirt-pant/p/itmdab702998ae95?pid=KPBGKK28HUUVKY96&lid=LSTKPBGKK28HUUVKY962KZB7N&marketplace=FLIPKART&store=clo%2Feof%2F1bp&srno=b_1_9&otracker=browse&fm=organic&iid=e663202b-ec6a-40e2-b2fa-cdc15eb512c2.KPBGKK28HUUVKY96.SEARCH&ppt=None&ppn=None&ssid=q5lb9zyyv40000001680019413039,SKYHEAVEN¬†,Baby Boys Casual T-shirt Pant¬†¬†(Black),‚Çπ249,4.1,2326,160,"['Nice product thank you Flipkart ‚ò∫Ô∏è', 'My baby is 2.5 yers old and i ordered size 3 to 4 years  its fit perfect. Fabric quality is good like hosiery kind of .its summer wear.so i liked.', 'Best quality']",Flipkart,https://rukminim1.flixcart.com/image/832/832/xif0q/kids-apparel-combo/d/r/n/4-5-years-mom-dad-2-skyheaven-original-imagkk27qw9zqpvt.jpeg?q=70
http://flipkart.com/tiny-biny-baby-boys-casual-t-shirt-shorts/p/itm5a658231e793b?pid=KPBGG9KWQUBERQRC&lid=LSTKPBGG9KWQUBERQRCLI9D5C&marketplace=FLIPKART&store=clo%2Feof%2F1bp&srno=b_1_10&otracker=browse&fm=organic&iid=e663202b-ec6a-40e2-b2fa-cdc15eb512c2.KPBGG9KWQUBERQRC.SEARCH&ppt=None&ppn=None&ssid=q5lb9zyyv40000001680019413039,TINY BINY¬†,Baby Boys Casual T-shirt Shorts¬†¬†(Blue),‚Çπ224,4.3,194,17,"['Nice product..', 'My son üíô this dress', 'Best']",Flipkart,https://rukminim1.flixcart.com/image/832/832/xif0q/kids-apparel-combo/v/h/1/4-5-years-tb7009bl-blue-tiny-biny-original-imagg9kw9kdfdyqn.jpeg?q=70
http://flipkart.com/icable-baby-boys-casual-t-shirt-shorts/p/itm761baa0ed54f4?pid=KPBG6NUHVHTKMBGX&lid=LSTKPBG6NUHVHTKMBGX8IS7TC&marketplace=FLIPKART&store=clo%2Feof%2F1bp&srno=b_1_11&otracker=browse&fm=organic&iid=e663202b-ec6a-40e2-b2fa-cdc15eb512c2.KPBG6NUHVHTKMBGX.SEARCH&ppt=None&ppn=None&ssid=q5lb9zyyv40000001680019413039,ICABLE¬†,Baby Boys Casual T-shirt Shorts¬†¬†(Orange),‚Çπ156,4.3,115,5,"['Very bad quality', 'Osm ü§üü§üMust buy', 'Thank bro']",Flipkart,https://rukminim1.flixcart.com/image/832/832/ktaeqvk0/kids-apparel-combo/8/4/s/9-12-months-brk01-orangecar-l-icable-original-imag6nufaje9amz5.jpeg?q=70
http://flipkart.com/nautinati-baby-boys-casual-shirt-shorts/p/itm276fc0ffe652d?pid=KPBGHKGNCGGKEYUF&lid=LSTKPBGHKGNCGGKEYUFSXKW99&marketplace=FLIPKART&store=clo%2Feof%2F1bp&srno=b_1_12&otracker=browse&fm=organic&iid=en_SzLilG6ZAlG%2BeWI18k4QLUIxz%2BHrrvvNjctb9z%2FXFsitsxR0PU5VZQFS6WCHnnzaGd6%2BhbcUBkskoDFbRj3ahg%3D%3D&ppt=None&ppn=None&ssid=q5lb9zyyv40000001680019413039,NautiNati¬†,Baby Boys Casual Shirt Shorts¬†¬†(Multicolor),‚Çπ674,3.5,4,0,[],Flipkart,https://rukminim1.flixcart.com/image/832/832/xif0q/kids-apparel-combo/r/s/a/4-5-years-nn311-715-nautinati-original-imaghkgnzujawhmx.jpeg?q=70
http://flipkart.com/tiny-biny-baby-boys-casual-t-shirt-shorts/p/itm3e49a056f1100?pid=KPBGG9YTAFBWGRED&lid=LSTKPBGG9YTAFBWGREDPUYUFC&marketplace=FLIPKART&store=clo%2Feof%2F1bp&srno=b_1_13&otracker=browse&fm=organic&iid=e663202b-ec6a-40e2-b2fa-cdc15eb512c2.KPBGG9YTAFBWGRED.SEARCH&ppt=None&ppn=None&ssid=q5lb9zyyv40000001680019413039,TINY BINY¬†,Baby Boys Casual T-shirt Shorts¬†¬†(Maroon),‚Çπ279,4.4,73,5,"['Good nice', 'Cloth qualities very super 10/10', 'Very good product']",Flipkart,https://rukminim1.flixcart.com/image/832/832/xif0q/kids-apparel-combo/h/y/9/3-4-years-tb7016mr-maroon-tiny-biny-original-imaghgeyyesabz2u.jpeg?q=70
http://flipkart.com/shirazi-kids-baby-boys-casual-t-shirt-pant/p/itm9174011c991f8?pid=KPBGHASNGE4HDVFV&lid=LSTKPBGHASNGE4HDVFVN2QP3K&marketplace=FLIPKART&store=clo%2Feof%2F1bp&srno=b_1_14&otracker=browse&fm=organic&iid=e663202b-ec6a-40e2-b2fa-cdc15eb512c2.KPBGHASNGE4HDVFV.SEARCH&ppt=None&ppn=None&ssid=q5lb9zyyv40000001680019413039,Shirazi Kids¬†,Baby Boys Casual T-shirt Pant¬†¬†(Pink),‚Çπ279,3.9,67,5,"['Very good product', 'Very good quality in this price', 'Good üëçüèª']",Flipkart,https://rukminim1.flixcart.com/image/832/832/xif0q/kids-apparel-combo/e/v/e/9-12-months-kt-pink-dress-9-12-months-shirazi-kids-original-imagnqhdqffzqmkg.jpeg?q=70
http://flipkart.com/del-luna-baby-boys-party-festive-dungaree-shirt-bow-tie/p/itm0fb6c81aded4a?pid=KPBGG54MBBZAKA8K&lid=LSTKPBGG54MBBZAKA8KTRXQ3S&marketplace=FLIPKART&store=clo%2Feof%2F1bp&srno=b_1_15&otracker=browse&fm=organic&iid=e663202b-ec6a-40e2-b2fa-cdc15eb512c2.KPBGG54MBBZAKA8K.SEARCH&ppt=None&ppn=None&ssid=q5lb9zyyv40000001680019413039,DEL LUNA¬†,"Baby Boys Party(Festive) Dungaree Shirt, Bow Tie¬†¬†(White)",‚Çπ411,4.1,799,85,"['I love this product ‚ù§Ô∏è‚ù§Ô∏è‚ù§Ô∏è‚ù§Ô∏è‚ù§Ô∏è‚ù§Ô∏è‚ù§Ô∏è‚ù§Ô∏è‚ù§Ô∏è', 'I love this product üíñ', 'Nice']",Flipkart,https://rukminim1.flixcart.com/image/832/832/xif0q/shopsy-kids-dungaree-romper/u/c/w/1-2-years-dungaree-for-baby-boys-baby-girls-casual-checkered-original-imag9npha4swgu3h.jpeg?q=70
http://flipkart.com/nautinati-baby-boys-casual-shirt-shorts/p/itmd33f07bb4a5d1?pid=KPBGM8FSKQPXQN4P&lid=LSTKPBGM8FSKQPXQN4PQ7JE8I&marketplace=FLIPKART&store=clo%2Feof%2F1bp&srno=b_1_16&otracker=browse&fm=organic&iid=en_SzLilG6ZAlG%2BeWI18k4QLUIxz%2BHrrvvNjctb9z%2FXFsjjwMnalVsyx0LHwlbIPvyoHozQ7i%2FB0gmsU9P7QlFuRA%3D%3D&ppt=None&ppn=None&ssid=q5lb9zyyv40000001680019413039,NautiNati¬†,Baby Boys Casual Shirt Shorts¬†¬†(Beige),‚Çπ749,0.0,0,0,[],Flipkart,https://rukminim1.flixcart.com/image/832/832/xif0q/kids-apparel-combo/p/m/3/4-5-years-nn311-711-nautinati-original-imagm8frkzksdqbf.jpeg?q=70
http://flipkart.com/smuktar-garments-baby-boys-casual-t-shirt-pant/p/itm007fc2447476f?pid=KPBG72SRSGK5STFZ&lid=LSTKPBG72SRSGK5STFZMIDD26&marketplace=FLIPKART&store=clo%2Feof%2F1bp&srno=b_1_17&otracker=browse&fm=organic&iid=e663202b-ec6a-40e2-b2fa-cdc15eb512c2.KPBG72SRSGK5STFZ.SEARCH&ppt=None&ppn=None&ssid=q5lb9zyyv40000001680019413039,Smuktar garments¬†,Baby Boys Mickey Casual T-shirt Pant¬†¬†(White),‚Çπ215,3.8,814,72,"['Super fit', 'Nice products', 'Nice']",Flipkart,https://rukminim1.flixcart.com/image/832/832/ktszgy80/kids-apparel-combo/4/q/s/3-4-years-sm-624-22-smuktar-garments-original-imag72srzajgubez.jpeg?q=70
http://flipkart.com/aj-dezines-baby-boys-casual-dress-shorts-suspenders-cap-bow-tie/p/itm4df9f2c2a68ce?pid=KPBGFF7F7ZHFZCQE&lid=LSTKPBGFF7F7ZHFZCQEF8E7MU&marketplace=FLIPKART&store=clo%2Feof%2F1bp&srno=b_1_18&otracker=browse&fm=organic&iid=e663202b-ec6a-40e2-b2fa-cdc15eb512c2.KPBGFF7F7ZHFZCQE.SEARCH&ppt=None&ppn=None&ssid=q5lb9zyyv40000001680019413039,AJ Dezines¬†,"Baby Boys Casual Dress Shorts, Suspenders, Cap, Bow Tie¬†¬†(Blue)","‚Çπ1,049",4.1,67,7,"['Quality not Good, not comfortable for kids, design wise Good.If it was in cotton, may have bought more from this seller.', 'Product is very good my son  like this dress', 'Good']",Flipkart,https://rukminim1.flixcart.com/image/832/832/l41n2q80/kids-apparel-combo/z/a/d/1-2-years-ca-42-blue-aj-dezines-original-imagff7fqkr2afhu.jpeg?q=70
http://flipkart.com/shreesai-baby-boys-casual-kurta-dhoti-pant/p/itm8f69878b02489?pid=KPBGEWHJ6RXSHQ72&lid=LSTKPBGEWHJ6RXSHQ72KZRNUK&marketplace=FLIPKART&store=clo%2Feof%2F1bp&srno=b_1_19&otracker=browse&fm=organic&iid=e663202b-ec6a-40e2-b2fa-cdc15eb512c2.KPBGEWHJ6RXSHQ72.SEARCH&ppt=None&ppn=None&ssid=q5lb9zyyv40000001680019413039,Shreesai¬†,Baby Boys Casual Kurta Dhoti Pant¬†¬†(White),‚Çπ175,4.0,758,48,"['Superb quality', 'Excellent', 'Good üòä']",Flipkart,https://rukminim1.flixcart.com/image/832/832/xif0q/kids-apparel-combo/e/s/y/6-9-months-stylish-printed-dhoti-and-kurta-for-baby-girl-and-boy-original-imaggj8y6rmubueu.jpeg?q=70
http://flipkart.com/nautinati-baby-boys-casual-shirt-shorts/p/itm053db67a2fa54?pid=KPBG4ZPFYUFXR46Z&lid=LSTKPBG4ZPFYUFXR46ZK3PLYR&marketplace=FLIPKART&store=clo%2Feof%2F1bp&srno=b_1_20&otracker=browse&fm=organic&iid=en_SzLilG6ZAlG%2BeWI18k4QLUIxz%2BHrrvvNjctb9z%2FXFsiME4NHT%2B3PJYry4vU%2BOXRkvPJf3%2BwJvIJoDBpyNhg33w%3D%3D&ppt=None&ppn=None&ssid=q5lb9zyyv40000001680019413039,NautiNati¬†,Baby Boys Casual Shirt Shorts¬†¬†(Orange),‚Çπ500,4.4,7,0,[],Flipkart,https://rukminim1.flixcart.com/image/832/832/kqqykcw0/kids-apparel-combo/z/s/t/12-18-months-nn301-823-nautinati-original-imag4zpfnex98xxe.jpeg?q=70
http://flipkart.com/hrr-baby-boys-party-festive-t-shirt-pant/p/itm2f660a89aca2f?pid=KPBG7VGFRGDD5DKH&lid=LSTKPBG7VGFRGDD5DKHNSI1IP&marketplace=FLIPKART&store=clo%2Feof%2F1bp&srno=b_1_21&otracker=browse&fm=organic&iid=e663202b-ec6a-40e2-b2fa-cdc15eb512c2.KPBG7VGFRGDD5DKH.SEARCH&ppt=None&ppn=None&ssid=q5lb9zyyv40000001680019413039,HRR¬†,Baby Boys Party(Festive) T-shirt Pant¬†¬†(Red),‚Çπ489,4.1,200,14,"['Super', 'Good', 'Excellent üëç but size is long and t-shirt clothe is not good']",Flipkart,https://rukminim1.flixcart.com/image/832/832/kuu4x3k0/kids-apparel-combo/i/r/k/2-3-years-beachred-hrr-original-imag7vgy74uhdz4e.jpeg?q=70
http://flipkart.com/new-gen-baby-boys-casual-t-shirt-pant/p/itm85c948df28955?pid=KPBG646RTHWSGQXC&lid=LSTKPBG646RTHWSGQXCAHOJBU&marketplace=FLIPKART&store=clo%2Feof%2F1bp&srno=b_1_22&otracker=browse&fm=organic&iid=e663202b-ec6a-40e2-b2fa-cdc15eb512c2.KPBG646RTHWSGQXC.SEARCH&ppt=None&ppn=None&ssid=q5lb9zyyv40000001680019413039,new gen¬†,Baby Boys Casual T-shirt Pant¬†¬†(White),‚Çπ199,3.8,1781,158,"['Nice', 'Nice product', 'Nice dress']",Flipkart,https://rukminim1.flixcart.com/image/832/832/kskotjk0/kids-apparel-combo/e/d/c/1-2-years-ng-74-18-new-gen-original-imag646rhgkrdeb7.jpeg?q=70
http://flipkart.com/cutehug-baby-boys-casual-t-shirt-pyjama/p/itm74f9919ee7eb2?pid=KPBGHJPHME7QZMKH&lid=LSTKPBGHJPHME7QZMKHOT08WM&marketplace=FLIPKART&store=clo%2Feof%2F1bp&spotlightTagId=BestsellerId_clo%2Feof%2F1bp&srno=b_1_23&otracker=browse&fm=organic&iid=e663202b-ec6a-40e2-b2fa-cdc15eb512c2.KPBGHJPHME7QZMKH.SEARCH&ppt=None&ppn=None&ssid=q5lb9zyyv40000001680019413039,CuteHug¬†,Baby Boys Casual T-shirt Pyjama¬†¬†(White),‚Çπ259,3.9,225,16,"['Awesome product', 'Very very good', 'Nice cloths. Neck is small. Pant is not same shown in the picture. Overall good product on time delivery.']",Flipkart,https://rukminim1.flixcart.com/image/832/832/xif0q/kids-apparel-combo/w/d/v/1-2-years-super-hero-cutehug-original-imaghjpdghssbzph.jpeg?q=70
http://flipkart.com/welcome-nx-baby-boys-party-festive-coat-pant/p/itm15a3991e35ea4?pid=KPBGKYJRBATQKEXJ&lid=LSTKPBGKYJRBATQKEXJZOHPTM&marketplace=FLIPKART&store=clo%2Feof%2F1bp&srno=b_1_24&otracker=browse&fm=organic&iid=en_SzLilG6ZAlG%2BeWI18k4QLUIxz%2BHrrvvNjctb9z%2FXFsgd59Cskvk9AnBFgJ%2FxDh648oKmlvPBdAmJuJft1rqtSw%3D%3D&ppt=None&ppn=None&ssid=q5lb9zyyv40000001680019413039,WELCOME NX¬†,Baby Boys Party(Festive) Coat Pant¬†¬†(Blue),‚Çπ649,0.0,0,0,[],Flipkart,https://rukminim1.flixcart.com/image/832/832/xif0q/kids-apparel-combo/k/1/c/18-24-months-koti-blue-welcome-nx-original-imagkyjg6rhzqhyc.jpeg?q=70
http://flipkart.com/xstandro-baby-boys-party-festive-jacket-pant/p/itm8ccc0e57ae319?pid=KPBGKSZWZHFPWKYT&lid=LSTKPBGKSZWZHFPWKYT4IPG1Z&marketplace=FLIPKART&store=clo%2Feof%2F1bp&srno=b_1_25&otracker=browse&fm=organic&iid=e663202b-ec6a-40e2-b2fa-cdc15eb512c2.KPBGKSZWZHFPWKYT.SEARCH&ppt=None&ppn=None&ssid=q5lb9zyyv40000001680019413039,Xstandro¬†,Baby Boys Party(Festive) Jacket Pant¬†¬†(Blue),‚Çπ363,4.0,360,63,"['Nice dress', 'Nice üëçüëçüëç', ""Very good product I have ever seen this type such a nice product and it's absolutely fit for the child""]",Flipkart,https://rukminim1.flixcart.com/image/832/832/l3os4280/kids-apparel-combo/0/8/j/18-24-months-kids-babasuit-001-ooksgal-original-imager74atzh4frq.jpeg?q=70
http://flipkart.com/omni-fashion-baby-boys-party-festive-t-shirt-dungaree/p/itmc18244f52b5ec?pid=KPBG5HDMZJP6FZ4X&lid=LSTKPBG5HDMZJP6FZ4XUKFPJQ&marketplace=FLIPKART&store=clo%2Feof%2F1bp&srno=b_1_26&otracker=browse&fm=organic&iid=e663202b-ec6a-40e2-b2fa-cdc15eb512c2.KPBG5HDMZJP6FZ4X.SEARCH&ppt=None&ppn=None&ssid=q5lb9zyyv40000001680019413039,OMNI FASHION¬†,Baby Boys Party(Festive) T-shirt Dungaree¬†¬†(Yellow),‚Çπ247,4.0,2984,209,"['Nice üëçüèøüëçüèø', 'Good üëçüëç quality', 'Best app for online']",Flipkart,https://rukminim1.flixcart.com/image/832/832/krwec280/kids-apparel-combo/c/x/i/0-3-months-baby-girls-and-baby-boys-party-wear-dungree-omni-original-imag5hdmg9ektw2a.jpeg?q=70
http://flipkart.com/torham-baby-boys-party-festive-jacket-pant-bow-tie/p/itmc509234a0b4e3?pid=KPBGGZGCECK4FCZZ&lid=LSTKPBGGZGCECK4FCZZYWJJMH&marketplace=FLIPKART&store=clo%2Feof%2F1bp&srno=b_1_27&otracker=browse&fm=organic&iid=e663202b-ec6a-40e2-b2fa-cdc15eb512c2.KPBGGZGCECK4FCZZ.SEARCH&ppt=None&ppn=None&ssid=q5lb9zyyv40000001680019413039,TORHAM¬†,"Baby Boys Party(Festive) Jacket Pant, Bow Tie¬†¬†(Grey)",‚Çπ399,4.3,78,8,"['Best cloth worth of money very good product stitching also is best perfect fitting very good products', 'Nice product', 'This is Good product My son is very Happy and quality is also good.. thanks Flipkart']",Flipkart,https://rukminim1.flixcart.com/image/832/832/l0fm07k0/kids-apparel-combo/v/q/c/2-3-years-kids-babasuit-02152-fashioninfinity-original-imagc842kbkfbfmt.jpeg?q=70
http://flipkart.com/nautinati-baby-boys-casual-shirt-shorts/p/itm3e127d61c8319?pid=KPBGEQFAUCYHMQUZ&lid=LSTKPBGEQFAUCYHMQUZWJSLVS&marketplace=FLIPKART&store=clo%2Feof%2F1bp&srno=b_1_28&otracker=browse&fm=organic&iid=en_SzLilG6ZAlG%2BeWI18k4QLUIxz%2BHrrvvNjctb9z%2FXFsiRCzw3Cg9C5I2zk%2FSSChNSQwqm2KgAQfgwLzXSCq4V0Q%3D%3D&ppt=None&ppn=None&ssid=q5lb9zyyv40000001680019413039,NautiNati¬†,Baby Boys Casual Shirt Shorts¬†¬†(Blue),‚Çπ607,0.0,0,0,[],Flipkart,https://rukminim1.flixcart.com/image/832/832/l3nco7k0/kids-apparel-combo/m/a/m/1-2-years-nn311-728-nautinati-original-imageqfabtjwggaq.jpeg?q=70
http://flipkart.com/jasoliya-baby-boys-party-festive-waistcoat-pant/p/itmb41ff9645e5ef?pid=KPBG2ZXVPMYRHZHF&lid=LSTKPBG2ZXVPMYRHZHFX4LJZX&marketplace=FLIPKART&store=clo%2Feof%2F1bp&srno=b_1_29&otracker=browse&fm=organic&iid=e663202b-ec6a-40e2-b2fa-cdc15eb512c2.KPBG2ZXVPMYRHZHF.SEARCH&ppt=None&ppn=None&ssid=q5lb9zyyv40000001680019413039,A Jasoliya¬†,Baby Boys Party(Festive) Waistcoat Pant¬†¬†(Red),‚Çπ390,3.8,354,32,"['Super nice dress', 'Nice dress,', 'Nice product Thanks Flipkart']",Flipkart,https://rukminim1.flixcart.com/image/832/832/kod858w0/waistcoat/4/r/u/1-2-years-shreee-laxmi-creation-a-jasoliya-original-imag2tgubj8ragnu.jpeg?q=70
http://flipkart.com/babygo-baby-boys-casual-t-shirt-shorts/p/itm36feda58c96ed?pid=KPBFVQHZVGNEXZMN&lid=LSTKPBFVQHZVGNEXZMNYRR6VC&marketplace=FLIPKART&store=clo%2Feof%2F1bp&srno=b_1_30&otracker=browse&fm=organic&iid=e663202b-ec6a-40e2-b2fa-cdc15eb512c2.KPBFVQHZVGNEXZMN.SEARCH&ppt=None&ppn=None&ssid=q5lb9zyyv40000001680019413039,BabyGo¬†,Baby Boys Casual T-shirt Shorts¬†¬†(Beige),‚Çπ425,4.3,763,88,"['Soft fabric.', 'Not upto the mark', 'Good']",Flipkart,https://rukminim1.flixcart.com/image/832/832/kf8kvbk0/kids-apparel-combo/g/b/f/3-6-months-gobs20-2058-beige-babygo-original-imafvqwsjkvgrv5c.jpeg?q=70
http://flipkart.com/zadmus-baby-boys-party-festive-t-shirt-shorts/p/itm69e69d4a17e7f?pid=KPBGCNUPMRD3MDYP&lid=LSTKPBGCNUPMRD3MDYPRIVMKY&marketplace=FLIPKART&store=clo%2Feof%2F1bp&srno=b_1_31&otracker=browse&fm=organic&iid=e663202b-ec6a-40e2-b2fa-cdc15eb512c2.KPBGCNUPMRD3MDYP.SEARCH&ppt=None&ppn=None&ssid=q5lb9zyyv40000001680019413039,ZADMUS¬†,Baby Boys Party(Festive) T-shirt Shorts¬†¬†(White),‚Çπ494,4.2,197,12,"['.thank you üòòüòò', 'Nice fabric I am happy üòä', 'T-shirt loose over']",Flipkart,https://rukminim1.flixcart.com/image/832/832/l0zm64w0/kids-apparel-combo/o/s/o/3-4-years-jb-2405w-zadmus-original-imagcnqkwfcsss6a.jpeg?q=70
http://flipkart.com/v-mart-baby-boys-casual-t-shirt-shorts/p/itm1b0b815865861?pid=KPBGMNF3NHCNKXKJ&lid=LSTKPBGMNF3NHCNKXKJ6LB4BQ&marketplace=FLIPKART&store=clo%2Feof%2F1bp&srno=b_1_32&otracker=browse&fm=organic&iid=en_SzLilG6ZAlG%2BeWI18k4QLUIxz%2BHrrvvNjctb9z%2FXFsjHg%2BDkO3AoMvM3fHfCVcd4EUgkiuvnnmwCfIYCMEL6Sw%3D%3D&ppt=None&ppn=None&ssid=q5lb9zyyv40000001680019413039,V-MART¬†,Baby Boys Casual T-shirt Shorts¬†¬†(Blue),‚Çπ225,0.0,0,0,[],Flipkart,https://rukminim1.flixcart.com/image/832/832/xif0q/kids-apparel-combo/7/w/i/18-24-months-510189-v-mart-original-imagmnffrz52yjy6.jpeg?q=70
http://flipkart.com/new-gen-baby-boys-party-festive-t-shirt-pant-jacket/p/itme67bdae8ccfe7?pid=KPBG6GJNG2YAK7KA&lid=LSTKPBG6GJNG2YAK7KA9VWQZT&marketplace=FLIPKART&store=clo%2Feof%2F1bp&srno=b_1_33&otracker=browse&fm=organic&iid=e663202b-ec6a-40e2-b2fa-cdc15eb512c2.KPBG6GJNG2YAK7KA.SEARCH&ppt=None&ppn=None&ssid=q5lb9zyyv40000001680019413039,new gen¬†,"Baby Boys Party(Festive) T-shirt Pant, Jacket¬†¬†(Red)",‚Çπ241,3.9,1715,183,"['Very beautiful dress üòç', 'Worth pirce', 'More supper']",Flipkart,https://rukminim1.flixcart.com/image/832/832/kt0enww0/kids-apparel-combo/p/9/l/2-3-years-ng-427-red-24-new-gen-original-imag6gjmyf8y5hgp.jpeg?q=70
http://flipkart.com/angel-baby-boys-party-festive-t-shirt-pant/p/itmeafd104143fc1?pid=KPBG7KC9QE5SY2HG&lid=LSTKPBG7KC9QE5SY2HGOED4DY&marketplace=FLIPKART&store=clo%2Feof%2F1bp&srno=b_1_34&otracker=browse&fm=organic&iid=e663202b-ec6a-40e2-b2fa-cdc15eb512c2.KPBG7KC9QE5SY2HG.SEARCH&ppt=None&ppn=None&ssid=q5lb9zyyv40000001680019413039,ANGEL¬†,Baby Boys Party(Festive) T-shirt Pant¬†¬†(Blue),‚Çπ326,4.2,2549,195,"['Very nice', 'Superb collectionüëå', 'Good products.']",Flipkart,https://rukminim1.flixcart.com/image/832/832/xif0q/kids-apparel-combo/6/q/2/1-2-years-denim-101-angel-original-imagn48ehwh68pxy.jpeg?q=70
http://flipkart.com/tiny-biny-baby-boys-casual-t-shirt-shorts/p/itm6c898b5622968?pid=KPBGG9Y7ZRPGDYZP&lid=LSTKPBGG9Y7ZRPGDYZPRLOLJW&marketplace=FLIPKART&store=clo%2Feof%2F1bp&srno=b_1_35&otracker=browse&fm=organic&iid=e663202b-ec6a-40e2-b2fa-cdc15eb512c2.KPBGG9Y7ZRPGDYZP.SEARCH&ppt=None&ppn=None&ssid=q5lb9zyyv40000001680019413039,TINY BINY¬†,Baby Boys Casual T-shirt Shorts¬†¬†(Yellow),‚Çπ314,4.4,73,5,"['Good nice', 'Cloth qualities very super 10/10', 'Very good product']",Flipkart,https://rukminim1.flixcart.com/image/832/832/xif0q/kids-apparel-combo/7/n/t/4-5-years-tb7016gd-gold-tiny-biny-original-imaghgbevd949tev.jpeg?q=70
http://flipkart.com/nautinati-baby-boys-casual-shirt-shorts/p/itm734deb4d7749b?pid=KPBGB56WMWDBMH8E&lid=LSTKPBGB56WMWDBMH8EPB2DQ1&marketplace=FLIPKART&store=clo%2Feof%2F1bp&srno=b_1_36&otracker=browse&fm=organic&iid=en_SzLilG6ZAlG%2BeWI18k4QLUIxz%2BHrrvvNjctb9z%2FXFsigNKfLxgMV3UnB9tjtD9GSJ4TJcx1m5SiyGfnPHzQemg%3D%3D&ppt=None&ppn=None&ssid=q5lb9zyyv40000001680019413039,NautiNati¬†,Baby Boys Casual Shirt Shorts¬†¬†(Multicolor),‚Çπ629,0.0,0,0,[],Flipkart,https://rukminim1.flixcart.com/image/832/832/kz1lle80/kids-apparel-combo/a/o/7/6-12-months-nn311-724-nautinati-original-imagb56wydpyhyht.jpeg?q=70
http://flipkart.com/little-panda-baby-boys-casual-t-shirt-dungaree/p/itm538608a20e2ff?pid=KPBG4S3N8K7XP5MZ&lid=LSTKPBG4S3N8K7XP5MZZTDMVX&marketplace=FLIPKART&store=clo%2Feof%2F1bp&srno=b_1_37&otracker=browse&fm=organic&iid=e663202b-ec6a-40e2-b2fa-cdc15eb512c2.KPBG4S3N8K7XP5MZ.SEARCH&ppt=None&ppn=None&ssid=q5lb9zyyv40000001680019413039,LITTLE PANDA¬†,Baby Boys Casual T-shirt Dungaree¬†¬†(Brown),‚Çπ254,4.0,244,25,"['Nice product...I like it...Thanks to flipkart..', 'Wah what a product üòç', 'Nice']",Flipkart,https://rukminim1.flixcart.com/image/832/832/kqv8vww0/kids-apparel-combo/t/r/u/6-12-months-tiger-dungaree-set-little-panda-original-imag4s3nhwcm9dfu.jpeg?q=70
http://flipkart.com/mars-infiniti-baby-boys-casual-t-shirt-shorts/p/itm4fe226258a7d5?pid=KPBGG8JVZ2HQXMNN&lid=LSTKPBGG8JVZ2HQXMNNGOWWSX&marketplace=FLIPKART&store=clo%2Feof%2F1bp&srno=b_1_38&otracker=browse&fm=organic&iid=e663202b-ec6a-40e2-b2fa-cdc15eb512c2.KPBGG8JVZ2HQXMNN.SEARCH&ppt=None&ppn=None&ssid=q5lb9zyyv40000001680019413039,Mars Infiniti¬†,Baby Boys Casual T-shirt Shorts¬†¬†(Green),‚Çπ236,4.3,305,24,"['Very nice', 'Nice', 'Perfect for baby boy for gifting']",Flipkart,https://rukminim1.flixcart.com/image/832/832/xif0q/kids-apparel-combo/e/a/s/3-4-years-t-sl11-green-vehicle-mars-infiniti-original-imagg8jqdfnjmgj9.jpeg?q=70
http://flipkart.com/new-gen-baby-boys-casual-t-shirt-pant/p/itm7026b6f7d5220?pid=KPBG646RGPTFQDFN&lid=LSTKPBG646RGPTFQDFNKET5PR&marketplace=FLIPKART&store=clo%2Feof%2F1bp&srno=b_1_39&otracker=browse&fm=organic&iid=e663202b-ec6a-40e2-b2fa-cdc15eb512c2.KPBG646RGPTFQDFN.SEARCH&ppt=None&ppn=None&ssid=q5lb9zyyv40000001680019413039,new gen¬†,Baby Boys Casual T-shirt Pant¬†¬†(White),‚Çπ217,3.8,1781,158,"['Nice', 'Nice product', 'Nice dress']",Flipkart,https://rukminim1.flixcart.com/image/832/832/kskotjk0/kids-apparel-combo/e/d/c/1-2-years-ng-74-18-new-gen-original-imag646rhgkrdeb7.jpeg?q=70
http://flipkart.com/v-mart-baby-boys-casual-romper-pyjama/p/itma64af0f5a1cb8?pid=KPBGMNF2ZWYF3DPW&lid=LSTKPBGMNF2ZWYF3DPWFB6QED&marketplace=FLIPKART&store=clo%2Feof%2F1bp&srno=b_1_40&otracker=browse&fm=organic&iid=en_SzLilG6ZAlG%2BeWI18k4QLUIxz%2BHrrvvNjctb9z%2FXFsgQNmxGe61T%2FjKFuoPP8SG2EZKd01BHPNygIjYOwtG%2Bgw%3D%3D&ppt=None&ppn=None&ssid=q5lb9zyyv40000001680019413039,V-MART¬†,Baby Boys Casual Romper Pyjama¬†¬†(Dark Blue),‚Çπ230,0.0,0,0,[],Flipkart,https://rukminim1.flixcart.com/image/832/832/xif0q/kids-apparel-combo/m/9/r/3-6-months-551266-v-mart-original-imagmneyqsr7hw74.jpeg?q=70
http://flipkart.com/shirazi-kids-baby-boys-casual-t-shirt-pant/p/itmdae24fd2de3f0?pid=KPBGHASNZF3HHV9V&lid=LSTKPBGHASNZF3HHV9VP06UI2&marketplace=FLIPKART&store=clo%2Feof%2F1bp&srno=b_2_41&otracker=browse&fm=organic&iid=36ecdb54-fb24-4cba-b3af-d71b8cbb5fdd.KPBGHASNZF3HHV9V.SEARCH&ppt=None&ppn=None&ssid=w9dwsuxp680000001680019413909,Shirazi Kids¬†,Baby Boys Casual T-shirt Pant¬†¬†(Pink),‚Çπ279,3.9,67,5,"['Very good product', 'Very good quality in this price', 'Good üëçüèª']",Flipkart,https://rukminim1.flixcart.com/image/832/832/xif0q/kids-apparel-combo/e/v/e/9-12-months-kt-pink-dress-9-12-months-shirazi-kids-original-imagnqhdqffzqmkg.jpeg?q=70
http://flipkart.com/phanix-baby-boys-party-festive-jacket-pant-bow-tie/p/itm76890cc64f3be?pid=KPBGHMR9VNYPMAAM&lid=LSTKPBGHMR9VNYPMAAMXUZCQP&marketplace=FLIPKART&store=clo%2Feof%2F1bp&srno=b_2_42&otracker=browse&fm=organic&iid=36ecdb54-fb24-4cba-b3af-d71b8cbb5fdd.KPBGHMR9VNYPMAAM.SEARCH&ppt=None&ppn=None&ssid=w9dwsuxp680000001680019413909,Phanix¬†,"Baby Boys Daisy Party(Festive) Jacket Pant, Bow Tie¬†¬†(Multicolor)",‚Çπ378,4.4,11,2,"['Excellent product....thank you Flipkart', 'Nice']",Flipkart,https://rukminim1.flixcart.com/image/832/832/xif0q/kids-apparel-combo/8/u/q/1-2-years-greyblack-6-12-m-12555-aashit-original-imagc8xwmuasxraf.jpeg?q=70
http://flipkart.com/mars-infiniti-baby-boys-casual-t-shirt-shorts/p/itmf42b7d5e70b19?pid=KPBGG8JV77VNJBTY&lid=LSTKPBGG8JV77VNJBTYDZFZCU&marketplace=FLIPKART&store=clo%2Feof%2F1bp&srno=b_2_43&otracker=browse&fm=organic&iid=36ecdb54-fb24-4cba-b3af-d71b8cbb5fdd.KPBGG8JV77VNJBTY.SEARCH&ppt=None&ppn=None&ssid=w9dwsuxp680000001680019413909,Mars Infiniti¬†,Baby Boys Casual T-shirt Shorts¬†¬†(Blue),‚Çπ236,4.3,305,24,"['Very nice', 'Nice', 'Perfect for baby boy for gifting']",Flipkart,https://rukminim1.flixcart.com/image/832/832/xif0q/kids-apparel-combo/6/b/r/3-4-years-t-sl11-blue-16-vehicle-mars-infiniti-original-imagg8jq8gechjy3.jpeg?q=70
http://flipkart.com/xstreamekids-baby-boys-casual-pyjama/p/itmc4f4dfe73cb7e?pid=KPBGNUQ5HNJGEEGU&lid=LSTKPBGNUQ5HNJGEEGU0FZOM8&marketplace=FLIPKART&store=clo%2Feof%2F1bp&srno=b_2_44&otracker=browse&fm=organic&iid=en_DgrQWsURGMy1oGQZFRCmiWHzDU9W4g3yeTBxicDwsuCxuABJgPK2g3nnzNUGCYJGQATYo3I2h0Vq1lW%2BXEmgvg%3D%3D&ppt=None&ppn=None&ssid=w9dwsuxp680000001680019413909,xstreameKids¬†,Baby Boys Casual Pyjama Pyjama¬†¬†(Green),‚Çπ499,0.0,0,0,[],Flipkart,https://rukminim1.flixcart.com/image/832/832/xif0q/kids-apparel-combo/y/l/0/12-18-months-06-xstreamekids-original-imagnuq5zpycgj2a.jpeg?q=70
http://flipkart.com/torham-baby-boys-party-festive-jacket-pant-bow-tie/p/itm49e221ebf4e6f?pid=KPBGGZFECGY9EDV8&lid=LSTKPBGGZFECGY9EDV8AXBMTC&marketplace=FLIPKART&store=clo%2Feof%2F1bp&srno=b_2_45&otracker=browse&fm=organic&iid=36ecdb54-fb24-4cba-b3af-d71b8cbb5fdd.KPBGGZFECGY9EDV8.SEARCH&ppt=None&ppn=None&ssid=w9dwsuxp680000001680019413909,TORHAM¬†,"Baby Boys Party(Festive) Jacket Pant, Bow Tie¬†¬†(Multicolor)",‚Çπ409,4.2,236,42,"['Very nice', 'I like this dress very much, ü§©ü§© thnkuu Flipkart ü•∞ü•∞üíûüíû', 'Product not good as per price, thes people try increase our products ranking,case back to get 5 star ranking of their product and make their product ranking high.']",Flipkart,https://rukminim1.flixcart.com/image/832/832/l0fm07k0/kids-apparel-combo/s/y/a/18-24-months-kids-babasuit-1400-ooksgal-original-imagc7u8q87uzzvg.jpeg?q=70
http://flipkart.com/aj-dezines-baby-boys-casual-dress-shorts-suspenders-cap-bow-tie/p/itm46aa156f59568?pid=KPBGFF7FWBXVECYK&lid=LSTKPBGFF7FWBXVECYKOURCPE&marketplace=FLIPKART&store=clo%2Feof%2F1bp&srno=b_2_46&otracker=browse&fm=organic&iid=36ecdb54-fb24-4cba-b3af-d71b8cbb5fdd.KPBGFF7FWBXVECYK.SEARCH&ppt=None&ppn=None&ssid=w9dwsuxp680000001680019413909,AJ Dezines¬†,"Baby Boys Casual Dress Shorts, Suspenders, Cap, Bow Tie¬†¬†(Brown)","‚Çπ1,049",4.1,67,7,"['Quality not Good, not comfortable for kids, design wise Good.If it was in cotton, may have bought more from this seller.', 'Product is very good my son  like this dress', 'Good']",Flipkart,https://rukminim1.flixcart.com/image/832/832/xif0q/kids-apparel-combo/k/g/o/6-12-months-ca-42-brown-aj-dezines-original-imagge3hvxjbcwe7.jpeg?q=70
http://flipkart.com/catty-baby-boys-party-festive-waistcoat-blazer/p/itm0af59915e9082?pid=KPBGEMKY2ECJ3NGV&lid=LSTKPBGEMKY2ECJ3NGVD8GWHP&marketplace=FLIPKART&store=clo%2Feof%2F1bp&spotlightTagId=TrendingId_clo%2Feof%2F1bp&srno=b_2_47&otracker=browse&fm=organic&iid=36ecdb54-fb24-4cba-b3af-d71b8cbb5fdd.KPBGEMKY2ECJ3NGV.SEARCH&ppt=None&ppn=None&ssid=w9dwsuxp680000001680019413909,CATTY¬†,Baby Boys Party(Festive) Waistcoat Blazer¬†¬†(Black),‚Çπ499,3.6,241,13,"['Nice', 'Quality not same as shown in picture', 'Good Product']",Flipkart,https://rukminim1.flixcart.com/image/832/832/l3j2cnk0/kids-apparel-combo/d/z/r/4-5-years-b2-white-catty-original-imagemkupqgaewgj.jpeg?q=70
http://flipkart.com/grand-shopping-baby-boys-casual-t-shirt-shorts/p/itm7b813128da8c8?pid=KPBGDN6BCBZHZ5PT&lid=LSTKPBGDN6BCBZHZ5PTVSIMJ9&marketplace=FLIPKART&store=clo%2Feof%2F1bp&srno=b_2_48&otracker=browse&fm=organic&iid=en_DgrQWsURGMy1oGQZFRCmiWHzDU9W4g3yeTBxicDwsuCMAS71rkqphZNf24WIg4hgMJoyop8%2BhnDH2Y83Npkv2w%3D%3D&ppt=None&ppn=None&ssid=w9dwsuxp680000001680019413909,Grand shopping¬†,Baby Boys Casual T-shirt Shorts¬†¬†(Multicolor),‚Çπ365,3.8,104,10,"['Good', 'Good', 'Great dress']",Flipkart,https://rukminim1.flixcart.com/image/832/832/l29c9e80/kids-apparel-combo/c/u/8/0-6-months-kids-rns-grand-shopping-original-imagdn69jh8ze7m3.jpeg?q=70
http://flipkart.com/jhymrod-baby-boys-party-festive-jacket-pant/p/itmb630a0c50d80d?pid=KPBGHYPQGREYKGBG&lid=LSTKPBGHYPQGREYKGBG47BYWX&marketplace=FLIPKART&store=clo%2Feof%2F1bp&srno=b_2_49&otracker=browse&fm=organic&iid=36ecdb54-fb24-4cba-b3af-d71b8cbb5fdd.KPBGHYPQGREYKGBG.SEARCH&ppt=None&ppn=None&ssid=w9dwsuxp680000001680019413909,Jhymrod¬†,Baby Boys Party(Festive) Jacket Pant¬†¬†(Blue),‚Çπ392,4.0,216,32,"['Very good', 'Very nice,good product', 'Quality is good']",Flipkart,https://rukminim1.flixcart.com/image/832/832/xif0q/kids-apparel-combo/n/n/o/2-3-years-flower-blue-6-12m-zx-fashioncraft-original-imagewmzwteebzmr.jpeg?q=70
http://flipkart.com/nautinati-baby-boys-casual-shirt-shorts/p/itm276fc0ffe652d?pid=KPBGHKGNM8FH9HVU&lid=LSTKPBGHKGNM8FH9HVUYSYQ7T&marketplace=FLIPKART&store=clo%2Feof%2F1bp&srno=b_2_50&otracker=browse&fm=organic&iid=36ecdb54-fb24-4cba-b3af-d71b8cbb5fdd.KPBGHKGNM8FH9HVU.SEARCH&ppt=None&ppn=None&ssid=w9dwsuxp680000001680019413909,NautiNati¬†,Baby Boys Casual Shirt Shorts¬†¬†(Multicolor),‚Çπ674,3.5,4,0,[],Flipkart,https://rukminim1.flixcart.com/image/832/832/xif0q/kids-apparel-combo/r/s/a/4-5-years-nn311-715-nautinati-original-imaghkgnzujawhmx.jpeg?q=70
http://flipkart.com/kifayati-daam-baby-boys-casual-dress/p/itm7f109795696d0?pid=KPBGGFZZ7VBKVPGP&lid=LSTKPBGGFZZ7VBKVPGP4UU0XQ&marketplace=FLIPKART&store=clo%2Feof%2F1bp&srno=b_2_51&otracker=browse&fm=organic&iid=36ecdb54-fb24-4cba-b3af-d71b8cbb5fdd.KPBGGFZZ7VBKVPGP.SEARCH&ppt=None&ppn=None&ssid=w9dwsuxp680000001680019413909,Kifayati Daam¬†,Baby Boys Casual Dress Dress¬†¬†(Multicolor),‚Çπ349,3.9,95,9,"['Medium quality but price is good', 'Bad quality', ""Quality is ok on this price but selecting size is too small I have 18 months kid I am selected 3_4 years size it's perfectly fitting my son so buying before this dress extra two years added on ur kid age""]",Flipkart,https://rukminim1.flixcart.com/image/832/832/kyxb9u80/kids-apparel-combo/f/d/1/0-1-month-kids-boys-girls-unisex-casual-wear-vest-and-shorts-original-imagbfxb2hdjyhse.jpeg?q=70
http://flipkart.com/welcome-nx-baby-boys-party-festive-coat-pant/p/itm15a3991e35ea4?pid=KPBGKYJRGTRYZDC4&lid=LSTKPBGKYJRGTRYZDC4IYNZKF&marketplace=FLIPKART&store=clo%2Feof%2F1bp&srno=b_2_52&otracker=browse&fm=organic&iid=en_DgrQWsURGMy1oGQZFRCmiWHzDU9W4g3yeTBxicDwsuCGm3DKeCaKS2iMTNjzSBuGHbHpk00s8%2BpahnSE9oN12A%3D%3D&ppt=None&ppn=None&ssid=w9dwsuxp680000001680019413909,WELCOME NX¬†,Baby Boys Party(Festive) Coat Pant¬†¬†(Blue),‚Çπ649,0.0,0,0,[],Flipkart,https://rukminim1.flixcart.com/image/832/832/xif0q/kids-apparel-combo/k/1/c/18-24-months-koti-blue-welcome-nx-original-imagkyjg6rhzqhyc.jpeg?q=70
http://flipkart.com/all-kidss-choice-baby-boys-casual-dress-bloomer/p/itmf234d9aea87e5?pid=KPBGGX9HTBGN6FGC&lid=LSTKPBGGX9HTBGN6FGCDFILWY&marketplace=FLIPKART&store=clo%2Feof%2F1bp&srno=b_2_53&otracker=browse&fm=organic&iid=36ecdb54-fb24-4cba-b3af-d71b8cbb5fdd.KPBGGX9HTBGN6FGC.SEARCH&ppt=None&ppn=None&ssid=w9dwsuxp680000001680019413909,ALL KIDSS CHOICE¬†,Baby Boys Casual Dress Bloomer¬†¬†(White),‚Çπ399,4.1,206,14,"['Very nice', 'Super', 'Simply awesome']",Flipkart,https://rukminim1.flixcart.com/image/832/832/xif0q/kids-apparel-combo/y/n/t/2-3-years-daddy-2-3y-all-kidss-choice-original-imaggx9kmnx83ndw.jpeg?q=70
http://flipkart.com/mars-infiniti-baby-boys-casual-t-shirt-shorts/p/itmbf468919c5c17?pid=KPBGG8JVFRABDBQX&lid=LSTKPBGG8JVFRABDBQXEJ06PQ&marketplace=FLIPKART&store=clo%2Feof%2F1bp&srno=b_2_54&otracker=browse&fm=organic&iid=36ecdb54-fb24-4cba-b3af-d71b8cbb5fdd.KPBGG8JVFRABDBQX.SEARCH&ppt=None&ppn=None&ssid=w9dwsuxp680000001680019413909,Mars Infiniti¬†,Baby Boys Casual T-shirt Shorts¬†¬†(Maroon),‚Çπ199,4.3,305,24,"['Very nice', 'Nice', 'Perfect for baby boy for gifting']",Flipkart,https://rukminim1.flixcart.com/image/832/832/xif0q/kids-apparel-combo/a/y/6/4-5-years-t-sl11-maroon-vehicle-mars-infiniti-original-imagg8jqgef3qw84.jpeg?q=70
http://flipkart.com/skyheaven-baby-boys-casual-t-shirt-pant/p/itm0993af3a65536?pid=KPBGKK28FDKMEZG3&lid=LSTKPBGKK28FDKMEZG3GDIPS8&marketplace=FLIPKART&store=clo%2Feof%2F1bp&srno=b_2_55&otracker=browse&fm=organic&iid=36ecdb54-fb24-4cba-b3af-d71b8cbb5fdd.KPBGKK28FDKMEZG3.SEARCH&ppt=None&ppn=None&ssid=w9dwsuxp680000001680019413909,SKYHEAVEN¬†,Baby Boys Casual T-shirt Pant¬†¬†(Black),‚Çπ290,4.1,2326,160,"['Nice product thank you Flipkart ‚ò∫Ô∏è', 'My baby is 2.5 yers old and i ordered size 3 to 4 years  its fit perfect. Fabric quality is good like hosiery kind of .its summer wear.so i liked.', 'Best quality']",Flipkart,https://rukminim1.flixcart.com/image/832/832/xif0q/kids-apparel-combo/k/p/y/3-4-years-mom-dad-2-skyheaven-original-imagkk27f2unmvyy.jpeg?q=70
http://flipkart.com/zadmus-baby-boys-party-festive-t-shirt-shorts/p/itm25327938f26e6?pid=KPBGZ3Y92GZNFPGR&lid=LSTKPBGZ3Y92GZNFPGR7ETI6M&marketplace=FLIPKART&store=clo%2Feof%2F1bp&srno=b_2_56&otracker=browse&fm=organic&iid=en_DgrQWsURGMy1oGQZFRCmiWHzDU9W4g3yeTBxicDwsuBXyGBQRDYonCgRpJJD7CdtyD%2FLJVvm7msK0Mu46OnolQ%3D%3D&ppt=None&ppn=None&ssid=w9dwsuxp680000001680019413909,ZADMUS¬†,Baby Boys Party(Festive) T-shirt Shorts¬†¬†(Grey),‚Çπ499,0.0,0,0,[],Flipkart,https://rukminim1.flixcart.com/image/832/832/xif0q/kids-apparel-combo/j/x/i/6-12-months-na-sin130gr-zadmus-original-imagz3y9wxfgjzxw.jpeg?q=70
http://flipkart.com/indhrani-baby-boys-casual-t-shirt-shorts/p/itm5cdd9862d9eea?pid=KPBGN48CKKAQUHSX&lid=LSTKPBGN48CKKAQUHSXZDU9XQ&marketplace=FLIPKART&store=clo%2Feof%2F1bp&srno=b_2_57&otracker=browse&fm=organic&iid=36ecdb54-fb24-4cba-b3af-d71b8cbb5fdd.KPBGN48CKKAQUHSX.SEARCH&ppt=None&ppn=None&ssid=w9dwsuxp680000001680019413909,INDHRANI¬†,Baby Boys Casual T-shirt Shorts¬†¬†(Yellow),‚Çπ341,4.3,9,0,[],Flipkart,https://rukminim1.flixcart.com/image/832/832/xif0q/kids-apparel-combo/e/c/s/2-3-years-totally-indhrani-original-imagn487fefkkyne.jpeg?q=70
http://flipkart.com/omni-fashion-baby-boys-party-festive-t-shirt-dungaree/p/itma1a7130b98f9c?pid=KPBGKB7GFQ8T8VZM&lid=LSTKPBGKB7GFQ8T8VZMYB4QJL&marketplace=FLIPKART&store=clo%2Feof%2F1bp&srno=b_2_58&otracker=browse&fm=organic&iid=36ecdb54-fb24-4cba-b3af-d71b8cbb5fdd.KPBGKB7GFQ8T8VZM.SEARCH&ppt=None&ppn=None&ssid=w9dwsuxp680000001680019413909,OMNI FASHION¬†,Baby Boys Party(Festive) T-shirt Dungaree¬†¬†(Red),‚Çπ298,4.0,2984,209,"['Nice üëçüèøüëçüèø', 'Good üëçüëç quality', 'Best app for online']",Flipkart,https://rukminim1.flixcart.com/image/832/832/krwec280/kids-apparel-combo/c/x/i/0-3-months-baby-girls-and-baby-boys-party-wear-dungree-omni-original-imag5hdmg9ektw2a.jpeg?q=70
http://flipkart.com/mahir-garments-baby-boys-casual-dress-pant/p/itma024505751243?pid=KPBG3B2HBHASVEZZ&lid=LSTKPBG3B2HBHASVEZZXJSSVI&marketplace=FLIPKART&store=clo%2Feof%2F1bp&srno=b_2_59&otracker=browse&fm=organic&iid=36ecdb54-fb24-4cba-b3af-d71b8cbb5fdd.KPBG3B2HBHASVEZZ.SEARCH&ppt=None&ppn=None&ssid=w9dwsuxp680000001680019413909,MAHIR GARMENTS¬†,Baby Boys Casual Dress Pant¬†¬†(White),‚Çπ289,4.2,1459,138,"['Best', 'Good', 'Nice beby dress']",Flipkart,https://rukminim1.flixcart.com/image/832/832/koynr0w0/kids-apparel-combo/s/i/l/6-12-months-mgc304-2-mahir-garments-original-imag3b2hrwzvkumk.jpeg?q=70
http://flipkart.com/zadmus-baby-boys-party-festive-t-shirt-shorts/p/itm3fc0888cf9401?pid=KPBGZ3Y9KSWSQCKG&lid=LSTKPBGZ3Y9KSWSQCKGCE0NJI&marketplace=FLIPKART&store=clo%2Feof%2F1bp&srno=b_2_60&otracker=browse&fm=organic&iid=en_DgrQWsURGMy1oGQZFRCmiWHzDU9W4g3yeTBxicDwsuAfFBGK1OX8y7tY2SvkibUsWA4D6Nyxl7gJ%2FpX%2BDHUNAA%3D%3D&ppt=None&ppn=None&ssid=w9dwsuxp680000001680019413909,ZADMUS¬†,Baby Boys Party(Festive) T-shirt Shorts¬†¬†(Green),‚Çπ499,0.0,0,0,[],Flipkart,https://rukminim1.flixcart.com/image/832/832/xif0q/kids-apparel-combo/c/1/y/4-5-years-na-sin127g-zadmus-original-imagz3y9frshq2pw.jpeg?q=70
https://www.snapdeal.com/product/dkgf-fashion-red-cotton-blend/5764608159097996965#bcrumbLabelId:532,DKGF Fashion,Red Cotton Blend Boys Shirt & Jeans ( Pack of 1 ),749,3.8,6,0,[],Snapdeal,https://n1.sdlcdn.com/imgs/k/k/t/DKGF-Fashion-Red-Cotton-Blend-SDL076386961-1-5da0a.jpg
https://www.snapdeal.com/product/hvm-kids-kurta-pyjama-set/8070451162800580228#bcrumbLabelId:532,harshvardhanmart,Black Cotton Boy's Shirt & Pants ( Pack of 1 ),599,4.0,153,3,"['Very good', 'I like to shop in this app', 'Good like thiss']",Snapdeal,https://n1.sdlcdn.com/imgs/k/i/b/harshvardhanmart-Black-Cotton-Boy-s-SDL381020092-1-77941.jpg
https://www.snapdeal.com/product/arshia-fashions-boys-shirt-and/627080696365#bcrumbLabelId:532,Arshia Fashions,Blue Denim Boy's Shirt & Jeans ( Pack of 1 ),849,4.1,183,5,"['Very good', '‡§¨‡§π‡•Å‡§§ ‡§Ö‡§ö‡•ç‡§õ ‡§∏‡§Æ‡§æ‡§® ‡§è‡§µ‡§Ç ‡§Ü‡§∞‡§æ‡§Æ‡•ç‡§´‡§æ‡§Ø‡§ï', 'Nice product', 'Boys dress', 'QUALITY']",Snapdeal,https://n1.sdlcdn.com/imgs/k/i/w/Arshia-Fashions-Blue-Denim-Boy-SDL030124815-1-c4eed.jpg
https://www.snapdeal.com/product/kuchipoo-boys-regular-fit-cotton/653662549531#bcrumbLabelId:532,Kuchipoo,Multi Cotton Blend Boy's T-Shirt & Shorts ( Pack of 2 ),439,4.4,16,0,[],Snapdeal,https://n2.sdlcdn.com/imgs/k/i/x/Kuchipoo-Multi-Cotton-Blend-Boy-SDL360593032-1-06320.jpg
https://www.snapdeal.com/product/arshia-fashions-blue-cotton-blend/6917529692875019332#bcrumbLabelId:532,Arshia Fashions,Blue Cotton Blend Boys Shirt & Pants ( Pack of 1 ),949,0,0,0,[],Snapdeal,https://n2.sdlcdn.com/imgs/k/m/q/Arshia-Fashions-Blue-Cotton-Blend-SDL403719585-1-26e80.jpg
https://www.snapdeal.com/product/plum-tree-boys-half-sleeve/625552484714#bcrumbLabelId:532,PLUM TREE,Multi Cotton Boy's T-Shirt & Shorts ( Pack of 1 ),599,4.8,14,1,['Quality and looks of cloth was great at reasonable price'],Snapdeal,https://n2.sdlcdn.com/imgs/k/i/b/PLUM-TREE-Multi-Cotton-Boy-SDL672220735-1-2c974.jpg
https://www.snapdeal.com/product/dkgf-fashion-brown-cotton-blend/5188147412046158686#bcrumbLabelId:532,DKGF Fashion,Yellow Cotton Blend Boys Shirt & Pants ( Pack of 1 ),849,4.0,8,1,"[""Hi I'm very hppy""]",Snapdeal,https://n4.sdlcdn.com/imgs/k/g/9/DKGF-Fashion-Yellow-Cotton-Blend-SDL773196315-1-e8b65.png
https://www.snapdeal.com/product/narpavi-trends-colour-blocked-boys/662241901218#bcrumbLabelId:532,NARPAVI TRENDS,Multi Cotton Boy's T-Shirt & Shorts ( Pack of 5 ),899,4.4,55,0,[],Snapdeal,https://n1.sdlcdn.com/imgs/k/i/b/NARPAVI-TRENDS-Multi-Cotton-Boy-SDL729681909-1-b19ec.jpg
https://www.snapdeal.com/product/arshia-fashions-green-cotton-blend/8070451193226449407#bcrumbLabelId:532,Arshia Fashions,Green Cotton Blend Boys T-Shirt & Pants ( Pack of 1 ),1249,5.0,1,0,[],Snapdeal,https://n1.sdlcdn.com/imgs/k/m/p/Arshia-Fashions-Green-Cotton-Blend-SDL541972928-1-22627.jpg
https://www.snapdeal.com/product/todd-n-teen-boys-premium/6917529704697443078#bcrumbLabelId:532,"Todd N Teen Boys Premium Cotton Pinted Clothing Set, Partywear, Loungewear with 1Tshirt 1Trackpant",years black,599,0,0,0,[],Snapdeal,https://n3.sdlcdn.com/imgs/k/e/x/Todd-N-Teen-Boys-Premium-SDL679038257-1-3729a.jpg
https://www.snapdeal.com/product/plum-tree-100-cotton-green/8070451210875257276#bcrumbLabelId:532,PLUM TREE,100% Cotton Green Boys T-Shirt & Shorts ( Pack of 2 ),625,4.2,17,0,[],Snapdeal,https://n1.sdlcdn.com/imgs/k/e/8/PLUM-TREE-100-Cotton-Green-SDL168585556-1-a1f68.jpg
https://www.snapdeal.com/product/boys-casual-tshirt-track-pants/657507991663#bcrumbLabelId:532,Rydho,Black Cotton Blend Boy's T-Shirt & Pants ( Pack of 1 ),599,4.1,102,1,['Good service and good quality'],Snapdeal,https://n1.sdlcdn.com/imgs/k/i/b/Rydho-Black-Cotton-Blend-Boy-SDL146587023-1-e5362.jpg
https://www.snapdeal.com/product/mist-n-fogg-black-cotton/5764608142897707009#bcrumbLabelId:532,MIST N FOGG,Black Cotton Blend Boys T-Shirt & Shorts ( Pack of 1 ),289,4.4,68,2,"['Best qwality', 'Gud material']",Snapdeal,https://n2.sdlcdn.com/imgs/k/j/2/MIST-N-FOGG-Black-Cotton-SDL301281008-1-8ab00.jpg
https://www.snapdeal.com/product/dkgf-fashion-green-cotton-blend/5764608204775559621#bcrumbLabelId:532,DKGF Fashion,Green Cotton Blend Boys Shirt & Pants ( Pack of 1 ),849,4.3,20,0,[],Snapdeal,https://n3.sdlcdn.com/imgs/k/k/u/DKGF-Fashion-Green-Cotton-Blend-SDL269949761-1-fd93e.jpg
https://www.snapdeal.com/product/kuchipoo-boys-sleeveless-cotton-tshirt/680425819511#bcrumbLabelId:532,Kuchipoo,Multi Cotton Blend Boy's T-Shirt & Shorts ( Pack of 2 ),439,4.4,23,0,[],Snapdeal,https://n1.sdlcdn.com/imgs/k/j/b/Kuchipoo-Multi-Cotton-Blend-Boy-SDL318133653-1-b9a7d.jpg
https://www.snapdeal.com/product/dongli-multicolor-cotton-tshirt-and/681547850022#bcrumbLabelId:532,Dongli Multicolor Cotton,hirt and Shorts - Pack of 2,725,0,0,0,[],Snapdeal,https://n2.sdlcdn.com/imgs/c/7/i/Dongli-Multicolor-Cotton-T-Shirt-SDL010278565-1-f983d.jpg
https://www.snapdeal.com/product/made-in-the-shade-navy/666814872961#bcrumbLabelId:532,Made In The Shade,Navy Blue Cotton Boys Shirt & Pants ( Pack of 1 ),1025,3.8,6,1,['Thankyou'],Snapdeal,https://n1.sdlcdn.com/imgs/k/j/p/Made-In-The-Shade-Navy-SDL928201001-1-83af0.jpg
https://www.snapdeal.com/product/dkgf-fashion-brown-cotton-blend/5764608164349582174#bcrumbLabelId:532,DKGF Fashion,Navy Blue Cotton Blend Boys Shirt & Pants ( Pack of 1 ),849,4.0,8,1,"[""Hi I'm very hppy""]",Snapdeal,https://n4.sdlcdn.com/imgs/k/f/2/DKGF-Fashion-Navy-Blue-Cotton-SDL906814599-1-f3454.jpg
https://www.snapdeal.com/product/dkgf-fashion-green-cotton-blend/6917529659299498480#bcrumbLabelId:532,DKGF Fashion,Pink Cotton Blend Boys Shirt & Pants ( Pack of 1 ),1149,0,0,0,[],Snapdeal,https://n1.sdlcdn.com/imgs/k/k/t/DKGF-Fashion-Pink-Cotton-Blend-SDL172947279-1-fd428.jpg
https://www.snapdeal.com/product/arshia-fashions-boys-shirt-and/644884194498,Arshia Fashions Boys Shirt and Denim Set Party we,Arshia Fashions Boys Shirt and Denim Set Party wear,849,4.2,62,1,['Fabric fitting and design'],Snapdeal,https://n2.sdlcdn.com/imgs/k/i/x/Arshia-Fashions-Boys-Shirt-and-SDL198236677-1-21a74.jpg
https://www.snapdeal.com/product/plum-tree-100-cotton-green/4899917073206428092,PLUM TREE,100% Cotton Multicolor Boys T-Shirt & Shorts ( Pack of 2 ),599,4.2,17,0,[],Snapdeal,https://n3.sdlcdn.com/imgs/k/e/8/PLUM-TREE-100-Cotton-Multicolor-SDL343224069-1-5ca5a.jpg
https://www.snapdeal.com/product/mist-n-fogg-red-cotton/6917529713810121665,MIST N FOGG,Red Cotton Blend Boys T-Shirt & Shorts ( Pack of 1 ),289,4.3,55,2,"['Good product', 'Osama']",Snapdeal,https://n2.sdlcdn.com/imgs/k/j/0/MIST-N-FOGG-Red-Cotton-SDL292590819-1-89b66.jpg
https://www.snapdeal.com/product/hvm-kids-kurta-pyjama-set/7493990410497156740,harshvardhanmart,Blue Cotton Boy's Shirt & Pants ( Pack of 1 ),599,4.0,153,3,"['Very good', 'I like to shop in this app', 'Good like thiss']",Snapdeal,https://n4.sdlcdn.com/imgs/k/i/b/harshvardhanmart-Blue-Cotton-Boy-s-SDL642256553-1-56b4d.jpg
https://www.snapdeal.com/product/dkgf-fashion-light-grey-cotton/8070451175945771693,DKGF Fashion,Beige Cotton Blend Boys Shirt & Pants ( Pack of 1 ),849,5.0,2,0,[],Snapdeal,https://n4.sdlcdn.com/imgs/k/k/u/DKGF-Fashion-Beige-Cotton-Blend-SDL925382577-1-f92a4.jpg
https://www.snapdeal.com/product/mist-n-fogg-black-cotton/8070451152111400961,MIST N FOGG,Grey Melange Cotton Blend Boys T-Shirt & Shorts ( Pack of 1 ),289,4.4,68,2,"['Best qwality', 'Gud material']",Snapdeal,https://n4.sdlcdn.com/imgs/k/j/2/MIST-N-FOGG-Grey-Melange-SDL881686155-1-7820c.jpg
https://www.snapdeal.com/product/wise-guys-red-cotton-boys/5764608164274251897,Wise Guys,Red Cotton Boys T-Shirt & Shorts ( Pack of 1 ),519,5.0,2,0,[],Snapdeal,https://n4.sdlcdn.com/imgs/k/m/a/Wise-Guys-Red-Cotton-Boys-SDL338002419-1-004dc.jpg
https://www.snapdeal.com/product/black-tshirt-with-banana-print/657858504047,Black Tshirt with Banana Print Nightsu,Black Tshirt with Banana Print Nightsuit,399,4.0,2,0,[],Snapdeal,https://n4.sdlcdn.com/imgs/j/7/r/Black-Tshirt-with-Banana-Print-SDL054490599-1-5fd76.jpg
https://www.snapdeal.com/product/dkgf-fashion-green-cotton-blend/6917529709382406597,DKGF Fashion,Blue Cotton Blend Boys Shirt & Pants ( Pack of 1 ),849,4.3,20,0,[],Snapdeal,https://n2.sdlcdn.com/imgs/k/k/u/DKGF-Fashion-Blue-Cotton-Blend-SDL200521036-1-7c812.jpg
https://www.snapdeal.com/product/jdcreation-party-weat-pant-suit/630194580886,J.D.Creation Party Weat Pant Suit for bo,J.D.Creation Party Weat Pant Suit for boys,1199,5.0,1,0,[],Snapdeal,https://n1.sdlcdn.com/imgs/j/t/q/J-D-Creation-Party-Weat-SDL933142961-1-f65ce.jpg
https://www.snapdeal.com/product/mist-n-fogg-red-cotton/5764608209203274689,MIST N FOGG,Turquoise Cotton Blend Boys T-Shirt & Shorts ( Pack of 1 ),289,4.3,55,2,"['Good product', 'Osama']",Snapdeal,https://n2.sdlcdn.com/imgs/k/j/2/MIST-N-FOGG-Turquoise-Cotton-SDL298397055-1-34c86.jpg
https://www.snapdeal.com/product/plum-tree-black-cotton-blend/653650266308,PLUM TREE,Black Cotton Blend Boys T-Shirt & Shorts ( Pack of 1 ),599,0,0,0,[],Snapdeal,https://n2.sdlcdn.com/imgs/k/m/n/PLUM-TREE-Black-Cotton-Blend-SDL645975798-1-4da32.jpg
https://www.snapdeal.com/product/kuchipoo-boys-sleeveless-cotton-tshirt/623934628893,Kuchipoo,Multi Cotton Blend Boy's T-Shirt & Shorts ( Pack of 2 ),439,4.5,4,0,[],Snapdeal,https://n3.sdlcdn.com/imgs/k/i/x/Kuchipoo-Multi-Cotton-Blend-Boy-SDL286455253-1-b6d2e.jpg
https://www.snapdeal.com/product/dongli-multicolor-cotton-tshirt-and/655604892285,Dongli Multicolor Cotton,hirt and Shorts - Pack of 2,725,0,0,0,[],Snapdeal,https://n2.sdlcdn.com/imgs/c/7/i/Dongli-Multicolor-Cotton-T-Shirt-SDL237096615-1-aeef4.jpg
https://www.snapdeal.com/product/arshia-fashions-blue-cotton-blend/8070451197481866308,Arshia Fashions,Yellow Cotton Blend Boys Shirt & Pants ( Pack of 1 ),949,0,0,0,[],Snapdeal,https://n3.sdlcdn.com/imgs/k/m/q/Arshia-Fashions-Yellow-Cotton-Blend-SDL157821168-1-08089.jpg
https://www.snapdeal.com/product/kuchipoo-boys-regular-fit-cotton/664143316340,Kuchipoo,Multi Cotton Blend Boy's T-Shirt & Shorts ( Pack of 2 ),439,4.6,17,0,[],Snapdeal,https://n2.sdlcdn.com/imgs/k/j/b/Kuchipoo-Multi-Cotton-Blend-Boy-SDL055110618-1-ac3c6.jpg
https://www.snapdeal.com/product/plum-tree-100-cotton-green/7493990458571833788,PLUM TREE,100% Cotton White Boys T-Shirt & Shorts ( Pack of 2 ),599,4.2,17,0,[],Snapdeal,https://n3.sdlcdn.com/imgs/k/e/8/PLUM-TREE-100-Cotton-White-SDL394897854-1-a1f39.jpg
https://www.snapdeal.com/product/dkgf-fashion-green-cotton-blend/5188147452472136133,DKGF Fashion,Red Cotton Blend Boys Shirt & Pants ( Pack of 1 ),849,4.3,20,0,[],Snapdeal,https://n1.sdlcdn.com/imgs/k/k/u/DKGF-Fashion-Red-Cotton-Blend-SDL633137710-1-a4d79.jpg
https://www.snapdeal.com/product/arshia-fashions-boys-cotton-shirt/629885471917,Arshia Fashions,Blue Cotton Blend Boy's Shirt & Jeans ( Pack of 1 ),949,4.2,106,4,"['Beautiful', 'Kids dress', 'Well experienced', '‡§∏‡§æ‡§á‡§ú ‡§Ö‡§ö‡•ç‡§õ‡§æ ‡§î‡§∞ ‡§ï‡§™‡§°‡§º‡§æ ‡§≠‡•Ä ‡§†‡•Ä‡§ï ‡§π‡•à']",Snapdeal,https://n2.sdlcdn.com/imgs/j/s/q/Arshia-Fashions-Boy-s-Cotton-SDL224578100-1-a0c99.jpeg
https://www.snapdeal.com/product/dkgf-fashion-green-cotton-blend/6917529660896715399,DKGF Fashion,Yellow Cotton Blend Boys Shirt & Pants ( Pack of 1 ),1299,4.8,4,0,[],Snapdeal,https://n1.sdlcdn.com/imgs/k/k/t/DKGF-Fashion-Yellow-Cotton-Blend-SDL231205961-1-2d23d.jpg
https://www.snapdeal.com/product/mist-n-fogg-red-cotton/8070451218416968641,MIST N FOGG,Black Cotton Blend Boys T-Shirt & Shorts ( Pack of 1 ),289,4.3,55,2,"['Good product', 'Osama']",Snapdeal,https://n4.sdlcdn.com/imgs/k/j/2/MIST-N-FOGG-Black-Cotton-SDL324143932-1-7097b.jpg
https://www.snapdeal.com/product/dkgf-fashion-green-cotton-blend/7493990461685830085,DKGF Fashion,Yellow Cotton Blend Boys Shirt & Pants ( Pack of 1 ),849,4.3,20,0,[],Snapdeal,https://n4.sdlcdn.com/imgs/k/k/u/DKGF-Fashion-Yellow-Cotton-Blend-SDL723151728-1-d92bc.jpg
https://www.snapdeal.com/product/hvm-kids-kurta-pyjama-set/5188147401283462788,harshvardhanmart,Orange Cotton Boy's Shirt & Pants ( Pack of 1 ),649,4.0,153,3,"['Very good', 'I like to shop in this app', 'Good like thiss']",Snapdeal,https://n4.sdlcdn.com/imgs/k/i/b/harshvardhanmart-Orange-Cotton-Boy-s-SDL532989719-1-3bf10.jpg
https://www.snapdeal.com/product/dkgf-fashion-light-grey-cotton/5764608166732077741,DKGF Fashion,Light Grey Cotton Blend Boys Shirt & Pants ( Pack of 1 ),849,5.0,2,0,[],Snapdeal,https://n3.sdlcdn.com/imgs/k/k/u/DKGF-Fashion-Light-Grey-Cotton-SDL402462252-1-82a9f.jpg
https://www.snapdeal.com/product/dongli-multicolour-cotton-tshirt-short/652522435022,Dongli Multicolour Cotton,hirt & Short - Pack of 2,725,0,0,0,[],Snapdeal,https://n2.sdlcdn.com/imgs/c/7/e/Dongli-Multicolour-Cotton-T-Shirt-SDL699588037-1-32320.jpg
https://www.snapdeal.com/product/plum-tree-100-cotton-green/5764608201661563324,PLUM TREE,100% Cotton Yellow Boys T-Shirt & Shorts ( Pack of 2 ),599,4.2,17,0,[],Snapdeal,https://n2.sdlcdn.com/imgs/k/e/8/PLUM-TREE-100-Cotton-Yellow-SDL309246531-1-a100d.jpg
https://www.snapdeal.com/product/mist-n-fogg-black-cotton/7493990399807977473,MIST N FOGG,White Cotton Blend Boys T-Shirt & Shorts ( Pack of 1 ),289,4.4,68,2,"['Best qwality', 'Gud material']",Snapdeal,https://n4.sdlcdn.com/imgs/k/j/2/MIST-N-FOGG-White-Cotton-SDL023961983-1-74e1d.jpg
https://www.snapdeal.com/product/dkgf-fashion-brown-cotton-blend/8070451173563276126,DKGF Fashion,Blue Cotton Blend Boys Shirt & Pants ( Pack of 1 ),849,4.0,8,1,"[""Hi I'm very hppy""]",Snapdeal,https://n2.sdlcdn.com/imgs/k/f/2/DKGF-Fashion-Blue-Cotton-Blend-SDL871783465-1-25b0d.jpg
https://www.snapdeal.com/product/arshia-fashions-green-cotton-blend/5764608184012755455,Arshia Fashions,Red Cotton Blend Boys T-Shirt & Pants ( Pack of 1 ),1249,5.0,1,0,[],Snapdeal,https://n3.sdlcdn.com/imgs/k/m/p/Arshia-Fashions-Red-Cotton-Blend-SDL116778538-1-b937c.jpg
https://www.snapdeal.com/product/dongli-multicolour-cotton-tshirt-7/631579041463,Dongli Multicolour Cotton,hirt 7 Short - Pack of 2,725,0,0,0,[],Snapdeal,https://n4.sdlcdn.com/imgs/c/7/e/Dongli-Multicolour-Cotton-T-Shirt-SDL462023543-1-53c05.jpg
https://www.snapdeal.com/product/mist-n-fogg-black-cotton/6341068895201130497,MIST N FOGG,Red Cotton Blend Boys T-Shirt & Shorts ( Pack of 1 ),289,4.4,68,2,"['Best qwality', 'Gud material']",Snapdeal,https://n2.sdlcdn.com/imgs/k/j/2/MIST-N-FOGG-Red-Cotton-SDL589001840-1-dda6b.jpg
https://www.snapdeal.com/product/hvm-baby-tshirt-shorts-set/619116357483,harshvardhanmart.com,Multi Cotton Boy's T-Shirt & Shorts ( Pack of 1 ),625,4.0,1,0,[],Snapdeal,https://n2.sdlcdn.com/imgs/k/i/x/harshvardhanmart-com-Multi-Cotton-Boy-SDL309061905-1-dc6f6.jpg
https://www.snapdeal.com/product/mist-n-fogg-black-cotton/6917529647504553985,MIST N FOGG,Blue Cotton Blend Boys T-Shirt & Shorts ( Pack of 1 ),289,4.4,68,2,"['Best qwality', 'Gud material']",Snapdeal,https://n1.sdlcdn.com/imgs/k/j/2/MIST-N-FOGG-Blue-Cotton-SDL497352649-1-93580.jpg
https://www.snapdeal.com/product/pichkari-multicolor-cotton-blend-boys/623833002844,Pichkari,Multicolor Cotton Blend Boys Shirt & Shorts ( Pack of 1 ),469,0,0,0,[],Snapdeal,https://n1.sdlcdn.com/imgs/k/m/p/Pichkari-Multicolor-Cotton-Blend-Boys-SDL240951295-1-831fe.jpg
https://www.snapdeal.com/product/kaboos-white-and-red-coloured/622161065012,KABOOS WHITE AND RED COLOURED COTTON PRINTED NIGHT SUIT KID,KABOOS WHITE AND RED COLOURED COTTON PRINTED NIGHT SUIT KIDS.,498,4.4,16,0,[],Snapdeal,https://n1.sdlcdn.com/imgs/i/2/f/KABOOS-WHITE-AND-RED-COLOURED-SDL860797882-1-e6abd.jpeg
https://www.snapdeal.com/product/fourfolds-boys-3piece-suit-fc069/6917529663911870818,Fourfolds,Beige Cotton Blend Boy's Shirt & Pants ( Pack of 1 ),899,4.3,23,1,['Nicecolection'],Snapdeal,https://n1.sdlcdn.com/imgs/k/i/b/Fourfolds-Beige-Cotton-Blend-Boy-SDL312883404-1-91438.jpg
https://www.snapdeal.com/product/nite-flite-boys-tiger-safari/664930174410,"NITE FLITE Boys' Tiger Safari Cotton Nightwear | Top and Pyjama Set (Mustard & Navy Blue,","NITE FLITE Boys' Tiger Safari Cotton Nightwear | Top and Pyjama Set (Mustard & Navy Blue,2)",519,4.5,22,0,[],Snapdeal,https://n2.sdlcdn.com/imgs/j/q/b/NITE-FLITE-Boys-Tiger-Safari-SDL773640661-1-09e91.jpg
https://www.snapdeal.com/product/rydho-multicolor-cotton-boys-tshirt/625979054004,Rydho,Multicolor Cotton Boys T-Shirt & Trackpants ( Pack of 1 ),539,3.9,16,0,[],Snapdeal,https://n3.sdlcdn.com/imgs/k/k/0/Rydho-Multicolor-Cotton-Boys-T-SDL134368903-1-77bbe.jpg
https://www.snapdeal.com/product/nite-flite-boys-little-bear/680258956353,Nite Flite Boys' Little Bear Print Cotton Pyjama S,Nite Flite Boys' Little Bear Print Cotton Pyjama Set,725,0,0,0,[],Snapdeal,https://n1.sdlcdn.com/imgs/j/i/o/Nite-Flite-Boys-Little-Bear-SDL737725952-1-4d4c6.jpeg
https://www.snapdeal.com/product/dkgf-fashion-blue-cotton-blend/5188147410333659513,DKGF Fashion,Maroon Cotton Blend Boys Shirt & Pants ( Pack of 1 ),975,4.0,13,1,['Extraordinary'],Snapdeal,https://n1.sdlcdn.com/imgs/k/g/9/DKGF-Fashion-Maroon-Cotton-Blend-SDL389370349-1-82bcd.png
